"x","y"
"0.03365570070757685","-0.2933380949761717"
"-0.010046182206663897","-0.28259350623876034"
"-0.02245189439329963","-0.23275061839313474"
"0.029847494319470876","0.1407993181634648"
"0.03655178945180053","0.1893707049231356"
"-0.1062616258009786","-0.1730172433832516"
"-0.11150708338809012","0.033446931000364735"
"-0.050433653605170936","-0.28550461631258006"
"-0.3989570121642157","0.15514177192501405"
"0.07616883474080922","-0.10669643213648992"
"0.029972619948860697","0.0806849047306509"
"-0.12346405016979646","-0.2639641372274692"
"0.0054704271951839","0.2225972781331331"
"-0.014038992978485739","-0.06778040176406963"
"-0.08236971048879467","-0.08966144373716507"
"-0.44183837059870734","-0.15124556574344175"
"-0.05609428486564369","-0.284547973734102"
"-0.06565774087198478","-0.23519587901704808"
"0.06123380399923854","-0.31106720834936574"
"0.041893782434836734","0.03667211305245486"
"0.03454676193073143","-0.31266877116918773"
"-0.9021536043195222","0.8769056394662238"
"0.18309272026109133","0.19409453050276973"
"0.04755698073567977","-0.23839291136143753"
"0.18075264778415626","0.24373011991125765"
"-0.061711703499436533","0.25824284469786146"
"0.06692970421395705","-0.12014707631179261"
"0.15745730152042187","0.2982337272923543"
"0.11691471714997842","0.20644362889425827"
"0.059524285254828384","0.18600555985505643"
"0.20673333042096095","-0.16246716613055123"
"-0.20642679267772618","-0.30747345774559903"
"-0.2712955792857019","-0.06702258024182572"
"-0.039815441517532","-0.17644985993763715"
"0.19561055769723312","0.23499039517521647"
"0.2833970003196876","-0.1416207162435382"
"0.030277080279391553","-0.1342701784061689"
"0.2216660215083398","0.06278962021048434"
"-0.46712085861950803","-0.0039054509748067986"
"0.20929814579266223","0.26908972824350447"
"-0.9109352071142357","0.18124959063722812"
"-0.08087299962650031","-0.3039401572298161"
"-0.09065065772120479","-0.20337016667220417"
"-0.1937894883966813","-0.23733418857717578"
"0.0750362920070506","0.1795240019330378"
"-0.04353592287672922","-0.3421427107880719"
"0.027035879845148894","-0.25433878260725"
"0.0314185823114103","-0.1952260107905269"
"0.0889453501943551","-0.30725105549071047"
"0.020417365582846455","-0.2684330093200883"
"0.46694727560693555","-0.753493635170291"
"0.2493256947599792","-0.23593981940135503"
"-0.02790678868432552","0.34737878391215443"
"0.12150326804980881","-0.571837088189484"
"-0.14258088768472038","-0.4254346191096649"
"-0.11607913561999361","-0.3265599176518366"
"-0.05381549163638574","-0.2567071261982288"
"-0.09816622289586188","-0.28939269048435234"
"0.03153771585702563","0.13522718711348686"
"0.13764300489850015","-0.2016779517534335"
"0.04359930915493527","-0.1986326525683176"
"-0.00022046240909753462","-0.045206719664065594"
"-0.03772232581044437","0.01173540980324964"
"0.19471826026950195","0.2325162181597793"
"-0.051698712581475445","-0.12193221784755028"
"0.18325596655732485","0.23365228387743678"
"0.16188543322966936","0.27193585944259197"
"0.012174292394614768","-0.10041174325130452"
"-0.16307640156695713","0.10317779825998485"
"0.14592498892944936","0.24962255066825395"
"0.007077504747212582","0.29504437747758244"
"-0.3689705211993833","0.01240378965478128"
"-0.6042107454744748","0.4802569717979292"
"-0.07308034798144858","-0.13727741979868266"
"0.02357115770710875","-0.34948208558424887"
"0.07623913758833058","0.19269750169171163"
"-0.05212686334740174","-0.3036430711422989"
"0.07257786018283272","-0.36704992009170495"
"0.08195529049282882","-0.4545489408588865"
"-0.08562661930784654","-0.3126982893277092"
"0.07909206782359922","0.23000756796799543"
"0.27314335218861635","0.06636494522820649"
"-0.19826471065242857","-0.2007017786325724"
"-0.260456649135691","0.35711771932718417"
"-0.03690778399164348","-0.319857644265747"
"-0.004570693738889039","-0.2512476510982692"
"0.26484023521808503","0.2437945448134994"
"0.1770597839734008","0.10788791527973325"
"0.10494493506215495","-0.3639995452997122"
"-0.007250911220739365","-0.14676898843103373"
"0.012791890702087604","0.25974552115444055"
"-0.011518149502384736","-0.2815451025888119"
"-0.19930227079392482","0.007034776045451798"
"-0.030042450700811928","-0.30157422921718186"
"-0.025512138491239365","-0.3529925546372575"
"0.12582769209918365","-0.11219298987342509"
"0.030725089577525334","0.26520686112930275"
"0.7451093151114097","-0.06991232416633984"
"0.1682100306705003","0.28389092303804286"
"-0.1535507662550043","0.3302485835863151"
"-0.0049589745931251745","-0.31785267847154774"
"-0.38554901344942744","-0.16478182797482666"
"0.03186728064760948","0.16468688368338427"
"0.00503409719471048","-0.37777282033092957"
"0.0833494200594617","0.18862558731147597"
"0.034819902625626835","-0.01021412448802206"
"-0.05829754638516364","-0.3190054281690405"
"0.059397310769159016","0.1057535588682206"
"-0.034482340586538804","-0.28989916334493226"
"0.13889517126971831","0.07876952951143373"
"0.08572777768407662","0.12899389913765935"
"0.2556560971731858","-0.2442952735139408"
"0.10048547760737715","0.03906332424668698"
"0.022390636667529554","-0.29137910131597766"
"0.20290926926118716","0.263492623273878"
"0.006316270341803355","0.14710356251521883"
"0.05969110461932661","0.19555804938104168"
"-0.024489066166094132","0.17681563649384371"
"0.17488675296946313","0.23769066782592116"
"0.1494850848969629","0.27015391757513074"
"0.030227721187543737","0.1445633029567672"
"0.010948493828431187","-0.27133304595678986"
"0.028796410930083356","-0.30899023665072317"
"0.4879225732960829","-0.26632222049339577"
"-0.036329147002598115","-0.016572118789631825"
"0.017116338944019996","0.22523625170931003"
"0.18455327562118282","-0.2840038022444476"
"-0.11173283999631796","0.39349029697314314"
"0.01818992738176169","-0.007232253727520019"
"-0.018045957947642022","-0.331672602746331"
"-0.19512743705281707","-0.16482106910846114"
"0.07815060532414912","0.20016574983957264"
"-0.028314215322543912","-0.32830464776176166"
"-0.061206515772258434","-0.30688747471782335"
"0.016697889019438673","-0.3548366759540087"
"-0.06261674994915396","-0.3032435920613355"
"0.032843958934900254","-0.3056604071741332"
"0.04603936961065729","-0.19468504116838167"
"-0.2069240921108784","0.21703547768533465"
"-0.12614136573407447","-0.3278690287847735"
"-0.1377063722572358","0.008746784353251819"
"0.061010119810545715","0.23710430907023952"
"-0.1518647463636176","-0.2655780682877151"
"0.19021520507769016","-0.06269818719293797"
"0.17003151604057526","0.189306119980964"
"0.03740872220865317","-0.3618367689953331"
"0.019206644082293455","0.036359268614807906"
"-0.04083632889235414","0.2172858135489999"
"0.1465880877167248","0.15985743321249113"
"-0.024662541964163367","-0.15635791903487725"
"0.13527292734537527","0.18575179682735804"
"-0.0508416129241796","-0.3031450870979352"
"-0.1071240454230757","0.3370429729740311"
"-0.008805562404638399","-0.28024764600752433"
"-0.0341669671839654","0.1513062251724419"
"0.3611681663057555","-0.2248430427991751"
"0.2850017131116051","-0.16703402105583257"
"0.033820507352897086","0.26222112411839044"
"-0.06639955431729792","0.06315124002576848"
"0.1541142017122758","0.21245181348819178"
"-0.005845510352943944","0.1796936633685115"
"0.08973713197795587","0.19381560141808038"
"0.23486565085111014","0.05843994401898195"
"0.05788981680740467","-0.3761343882072242"
"-0.0158294287875902","0.29795080014233793"
"-0.27424453169625135","0.4261227100151553"
"-0.12151365525394865","0.15167333926755283"
"-0.14464809333306106","-0.3074487092194736"
"0.09391763362957319","0.18328945701020918"
"-0.4902097980145113","0.13932170266575267"
"0.0987459361871534","0.0913512999231397"
"-0.02726840108139325","-0.2527461664177666"
"-0.057524987428240165","0.1537871133450363"
"-0.6810969891163732","0.4755691578304867"
"-0.1499043374884797","-0.32522839810284443"
"0.14355295015549288","0.25348396217464897"
"-0.3850406289430538","-0.23607032083193077"
"-0.1368410350772143","0.3569625731803649"
"0.17600187156308214","0.331231551244894"
"0.1383257003791367","0.3240200143428575"
"0.1629849063421106","0.34740768293822755"
"-0.14141320386717615","0.037255654772631916"
"-0.036325557232834774","-0.30114950847710537"
"0.08711177000886083","-0.34363407415155195"
"-0.07679848238162065","-0.30982407340834595"
"0.22834223055117303","0.17670211070532116"
"-0.008491258778852005","-0.0366018065218078"
"0.07289420798502569","-0.24093751316175316"
"0.0640523762208823","0.10095705214481913"
"-0.04100274674703236","-0.2843979325185708"
"0.20069739588744998","0.25048844002193504"
"0.02083189681695283","-0.18288298718807497"
"0.004925321011356078","0.15392224270936944"
"0.03847669310279018","0.10343887842555521"
"-0.043733064367704196","-0.28466041744068127"
"-0.001213802428580396","-0.21008206083197625"
"0.09273673990171813","-0.007781842124329855"
"-0.10805291151141684","-0.4432484501239872"
"-0.050456629089691396","0.12384881425250703"
"0.06707829412912743","0.22307349210476463"
"-0.11660382613208553","0.16385282516705305"
"-0.09558468998101038","0.1835572881774742"
"-0.1387614188118737","-0.11490784444948167"
"0.06855631799958","-0.18617674496332803"
"0.07434360921651703","0.2790920316517343"
"0.10506695667757913","0.28557732811585096"
"-0.052258209630890305","-0.2994024897438638"
"-0.024291080169300188","-0.24471251757917326"
"-0.07128209483615723","-0.28738815776608484"
"-0.07308779530575199","-0.1628448838846481"
"-0.06433124506788498","0.0020795881012363776"
"-0.2601591520255319","-0.3333993411226753"
"0.10855665801119231","0.23204486073816732"
"0.12576876643317123","0.21835649561460047"
"-0.15355818509118224","-0.13636676056866395"
"0.1513604292676306","0.09101600936089464"
"0.1129099772345856","0.13503603578863493"
"0.07325995239585412","-0.408119408945842"
"0.05198883305524822","-0.21810496729951978"
"-0.0769859789455841","0.18592236337692353"
"-0.037416223623065153","-0.331520859870669"
"0.08197469531737314","-0.15963356165928677"
"-0.014895946567852456","0.07538626903110496"
"0.16970772848667934","0.2767996630621117"
"-0.041690728780993135","-0.30322121050589373"
"0.04177149001986302","-0.10861339879861065"
"0.13555106187573063","0.3025393886368517"
"0.1576696737607459","0.11297442220075049"
"0.051970203380700325","-0.4269648144857723"
"0.13339649613842633","-0.4500833463926138"
"-0.11093351584955205","0.27104252674061785"
"-0.05891930515792114","-0.31242139299964095"
"-0.1191243414764946","0.025237092305741858"
"-0.36523823565408353","-0.03569919068116774"
"-0.10391267328150518","0.3940059178041747"
"0.09210950221827469","0.22298585806054172"
"0.0487829922795938","-0.38704030926415156"
"0.09211808807727902","0.25730417150097323"
"-0.05337075925672258","-0.30440135484306907"
"-0.027849310020609707","-0.23905956921233912"
"-0.05355732782326668","-0.2591321327849805"
"-0.035161602845598834","-0.19734300646607275"
"0.0017738921259406433","0.04837604677770178"
"-0.022451464910967788","-0.0789284675437465"
"0.18296104810979466","0.21056842532595982"
"0.07099466465706833","0.3060990152474287"
"-0.23274437582890442","0.1206164799983578"
"-0.21747101569464866","0.29577249263182026"
"-0.0771100534949705","-0.1517892244026111"
"0.15522567298610165","0.1872954305554027"
"0.16390894605635611","0.21016824371013043"
"0.14026393461596473","0.15842818399754627"
"0.16138170255680495","0.19163542340401524"
"-0.19079267666080638","-0.24022446411080403"
"0.008886792006833528","0.1570900429227394"
"-0.0010860969099636168","-0.25998027372110155"
"-0.11489315508220788","-0.15529147093083137"
"-0.01881406012965111","-0.2642833522165813"
"0.17569637816087863","0.22245856141073414"
"0.05040182999719722","-0.13219389429885645"
"0.15884949379248892","0.26377902864719"
"-0.04178241346320924","-0.29674033277745526"
"0.146681618393015","0.1897621222425557"
"0.07809826174204071","0.15859880072744073"
"0.20442448952751846","0.3090162924467783"
"0.10975119737951151","0.012484501160512175"
"0.10126914825758879","0.20859416703322115"
"0.0008919569264607768","-0.054335644126441485"
"0.0996758311161134","-0.34418451364540115"
"-0.028098236527982354","-0.25595461217922794"
"-0.01740425512460319","-0.2771498412407404"
"0.00241775723893446","-0.046777759262976885"
"0.02334924393981196","-0.394183891752809"
"-0.00999864225924753","-0.018807954400352683"
"-0.07680546064998649","0.10367457664179901"
"-0.1938292542114467","0.328445792148994"
"0.02363845998248838","-0.6469429658727921"
"-0.42726130723346734","-0.1282622819639067"
"-0.12512195618747243","-0.01617798799441587"
"-0.10653066501782228","-0.19270969555967207"
"-0.1857814829487555","-0.08655344370401258"
"0.13682522192522956","0.2551597688249481"
"-0.05017215273888236","-0.229480364668281"
"-0.07205708302700338","-0.3490133194144485"
"-0.13458139865659863","-0.31220121288663627"
"0.020590135205655995","-0.29360418166114294"
"0.09340006830809126","0.3089720168964098"
"-0.09934342857150835","-0.31500621494139375"
"0.03517055512674591","-0.003544433631499159"
"-0.03828776655985676","0.1712610273018306"
"0.2186865966808998","0.20469856885189577"
"-0.11680250746822463","0.3145531774613875"
"0.018695452288561835","-0.2640347109889461"
"-0.14988327894222636","-0.13126211090719303"
"0.26969374841429594","-0.3302360605298372"
"0.08139620281570277","0.22782310526380312"
"-0.026153905655414613","-0.3457648643899722"
"0.027796462967075847","0.1771133503457718"
"-0.027414927860883176","-0.33858173124048224"
"0.1129469560643588","0.25547111230805514"
"-0.010513638531510437","-0.2567826260978567"
"-0.028075582445761072","-0.28310748620796455"
"-0.0440062935340657","-0.29349107644971845"
"0.1553486683783364","0.30867871289710036"
"0.09859350805640964","-0.21581666842882227"
"0.12761789740915913","0.13610172860610645"
"-0.0008548031980051368","-0.2792903570014178"
"0.025979957671443468","-0.42198309595021655"
"0.09492745950592359","-0.30366511919873274"
"0.05435753802126852","0.20077514756982928"
"-0.16965908126967882","0.2939757659507076"
"0.09378843506058378","0.21288166595227798"
"-0.0936715436807533","-0.14666543374406812"
"0.15653456488776227","0.32875744667967693"
"0.16063658401857314","0.22768698833386591"
"-0.013483219479231234","-0.12851698210503928"
"-0.046400184647930866","0.18686664855242574"
"0.04949712088632943","-0.2762605387188253"
"0.028262590028793073","-0.16887195993831242"
"0.0611758081883548","-0.07425883173758116"
"0.10946628281708486","0.1315760704759617"
"0.05034011463487581","0.1994429915129457"
"0.06516234802291497","-0.25054834877373944"
"0.07283339004472505","0.29368444853256004"
"0.08639857445158611","0.22296230875768622"
"0.06213061164332387","-0.2856150413598831"
"-0.029602276467123698","-0.14160354811175627"
"-0.08019520059913068","-0.29256606633873317"
"0.028106104872277708","-0.1669981718546965"
"0.045266006725385576","0.09559831944425877"
"-0.01858155409173566","-0.13264559467365747"
"0.06193222383991712","0.09064652297788219"
"-0.035674380879748877","-0.3626793782385693"
"-0.4225124147385275","0.27841742174063927"
"0.32202154181561427","-0.20957380676684312"
"0.07062778650689068","-0.3728814412034313"
"-0.043451392682181816","0.1518335397461514"
"-0.03518127794439376","0.09106858158491266"
"0.016959023388203927","-0.22325082566747392"
"0.1661872711710808","0.29818628926695673"
"0.02704735445461041","-0.15989046301889054"
"-0.1442507380493584","-0.2348403812242559"
"0.05360649902067676","-0.4447504453636235"
"0.13447522786921148","-0.07403212923030472"
"0.021307410744772118","-0.17023159829856122"
"0.3263296667167198","-0.24515021692691388"
"0.014138843330506698","-0.33148385889275167"
"-0.004103369373913935","-0.00018469143969662135"
"0.04047500215818356","-0.1551929354013799"
"-0.05041208212692062","-0.3470322324774879"
"-0.22199537203946992","-0.3935362974906267"
"0.057003447302269","-0.3242305268682079"
"0.11991625362943978","0.18706038986523274"
"-0.11162177488447148","-0.35062715611410017"
"-0.03034375720027135","0.30695499397081044"
"0.20165372303453405","0.21687541852831568"
"-0.17196144841987326","-0.24149155669269132"
"-0.10543057834416508","-0.15031554155401852"
"0.04821887841442664","0.07553198916692196"
"0.22422121882554896","0.2688380335477678"
"-0.10338256006639678","-0.2086671788384661"
"0.023318219127182526","-0.028798299899378436"
"0.07735222469524124","0.24626705622080983"
"-0.15202502675462765","-0.213994372689446"
"-0.04338999218033613","-0.3083470126553391"
"-0.03571787972901149","-0.3210538211612736"
"0.7189386440234565","-0.013666677770641473"
"0.09899557648647961","0.25013904821991756"
"-0.033743552941083846","-0.33767232495947685"
"-0.01619060500721148","-0.329357372925386"
"-0.2728610124471361","-0.3026429760752933"
"0.12245075693158168","0.21214434836680418"
"-0.04157249205594769","-0.2983889055864314"
"0.12532466404476558","0.22485664859945362"
"-0.052012041260178554","-0.2896410505110577"
"-0.054231980638861046","-0.3457621064293131"
"-0.6836099181511507","-0.07018065960113673"
"0.07835084783718822","0.250844270988031"
"-0.06641010676582633","-0.05052248865752768"
"-0.03888712744468428","-0.29891050888476106"
"0.012207418078531972","-0.2814995005688747"
"-0.12163633121068809","-0.3069211755939343"
"-0.011118994495294712","-0.300900475085537"
"-0.13442676994098118","0.23524134161808716"
"0.08039540396121564","0.19150904641617625"
"0.17096200087249744","-0.5294166887624482"
"0.17336183182126266","0.23664147845483482"
"-0.02614922955077992","-0.24398444223510185"
"-0.13139623072084194","-0.021506683573758185"
"-0.026428881480610542","-0.25643128846539703"
"-0.05777244607850585","0.12922411722575142"
"-0.3983662029397389","-0.17152877111364437"
"-0.16042994288618553","0.03447192559280843"
"-0.4361775365606504","0.2420353461051889"
"-0.0687184020602322","-0.3277445796541943"
"-0.002447805457926906","-0.2971405544784363"
"0.21507807387420216","0.20792252061614022"
"0.13010230228118094","0.07495683851403957"
"0.0423908209248075","-0.09824958612733073"
"0.055964538829932374","0.02606965297171063"
"-0.0123008559424184","-0.11073795254976532"
"-0.05002284618407083","-0.18601055914145515"
"-0.14277936514548334","-0.13766363097519568"
"0.001482050816497451","-0.3225189225386883"
"-0.03647047529277601","-0.33961828292199187"
"-0.6246014636437385","0.12974580917496592"
"-0.12146908245808644","-0.42411220075750466"
"-0.27424941166018035","-0.4176424666735706"
"-0.16346821552705643","-0.6800991516059286"
"-0.025430135557961947","-0.19520957831744143"
"0.003354523966609613","-0.2783779705215739"
"0.00404488902880617","0.30090034096537377"
"0.04370893357790865","0.06251889619343329"
"-0.11921026481762871","-0.060538108721851176"
"-0.003707297089098132","0.22458608492001636"
"-0.1948732799921465","0.1456364260432204"
"-0.09749814884428834","0.030968973500735936"
"0.10152973440715342","0.17772604307606507"
"-0.11453553034921718","0.06519907814956226"
"-1.0106379271510597","0.13992313443485857"
"-0.027906735783740283","-0.31574870854600134"
"-0.5625163274720141","0.5046325055183737"
"-0.017027648602317407","0.08469365029569396"
"-0.2633015889774344","0.06269185536240729"
"-0.40533350538387053","-0.1420399006331846"
"-0.26473688074796686","-0.04522430012815891"
"-0.18306381502265073","0.03779754837524343"
"-0.6609182601457557","0.14141054570170697"
"-0.20266191745772974","0.34913560235240365"
"-0.04256714269638486","0.2021432182295033"
"-0.15982728612075162","-0.05419189074784885"
"-0.0027024853891198125","-0.367700533948951"
"0.015799856634919854","0.09063119945463498"
"0.16988654709022297","0.22148087945229036"
"0.20889471944704457","0.17070360184558278"
"-0.13883727292983805","0.026139894801105887"
"-0.17518538327282274","-0.30510839637595394"
"0.1218076607750485","0.2447200418345437"
"-0.007647097056601633","-0.2841686765884419"
"-0.18327593284240712","-0.10557799936286433"
"-0.07156920187238544","-0.3035290420608868"
"-0.083879669088958","0.12667865453376345"
"-0.05509116915325155","-0.3753661733487577"
"-0.00422410408176438","-0.34515054438721043"
"0.01861774485118522","0.1771616383764848"
"0.1989382669368052","0.2681499125770924"
"-0.05977177764378123","0.23717505174399542"
"-0.0017618060710907159","-0.24048860820892975"
"-0.013887816047428402","-0.3150392447956447"
"0.25024488387287297","-0.5620059634118284"
"0.018560064724685705","-0.08544925251222348"
"0.01948822860239971","0.015556781133402966"
"-0.4182641790881428","0.011960769256783216"
"-0.00862154425482754","0.06984120339045964"
"-0.09399382065485712","0.19176436562417445"
"-0.14297941854345458","-0.1999172633108934"
"0.1702479440904511","0.2288426453229941"
"-0.0014010389095747192","-0.3065627166575148"
"-0.5885289684864442","0.42126640577437957"
"-0.38970939789818515","0.39515488292164824"
"-0.21095295606352207","-0.19868991086093526"
"0.19121340648910923","0.28866556057071635"
"0.028308516663473154","0.18209221226948227"
"-0.9263393433057545","0.01318742675391657"
"-0.07599873989117277","-0.2894690423015672"
"0.12609975726990855","-0.36502843969447735"
"0.012170207651774439","-0.3474524564518343"
"-0.017200067064446305","-0.26536039510252385"
"0.03227895903551754","-0.2622820881653511"
"-0.003640997274216944","0.2319438309704093"
"0.18449446004967576","-0.3512228774203921"
"0.04914530026077334","-0.1997066573434967"
"0.06090000446078355","-0.28467064462176805"
"-0.22001707081392988","0.33661073283924076"
"-0.24295643873387393","-0.15979368190527304"
"-0.06583445220970202","-0.04701304832941547"
"-0.02906263380503035","0.13481790330429866"
"-0.04425073475061255","-0.17322877072729803"
"-0.08678773839685469","-0.05070901837275884"
"0.06408663485092271","0.27407707700545914"
"0.08596696172669689","0.07012575025787664"
"-0.058653766776664125","-0.30192454839305755"
"0.2192480454568644","0.21157928728603226"
"0.0658289121574971","-0.21475486648885275"
"-0.04449095667030579","0.3485068881629766"
"0.13764319370057945","0.23587239194042797"
"0.026992019950003523","-0.27293657938042176"
"0.02575658405544326","0.25417269665503905"
"0.07982993703463519","0.1378411954551191"
"-0.0704142998652985","0.18510870941863763"
"0.008244621525077381","-0.2537313651926907"
"0.08317047158120505","0.17107429945364785"
"0.217378808057108","0.3077229819956195"
"0.026045441053571594","0.3242046701171542"
"0.07862615583485304","-0.40413446909412054"
"0.12458055771965316","0.06736360104792119"
"0.10003715446745","0.07616928965800052"
"0.041439801157024586","0.06731699713892865"
"0.011039550203454965","0.1687160802897395"
"-0.03148097014167121","0.26143997373410177"
"-0.08433693372468766","-0.31476561637051537"
"-0.04478460827939188","-0.3254081888793705"
"0.12232664696988606","0.10054236231141558"
"0.09497382096845638","0.06832552793694043"
"-0.07646776889822227","-0.2727368466014852"
"-0.12602379540452183","-0.1298046834367278"
"-0.021082204431710938","-0.306334088038306"
"0.01931293367255595","-0.1596179437370651"
"-0.10848123384788383","-0.31281045876181135"
"-0.04254797920389931","-0.36071584319652594"
"0.32259854574927627","-0.18222038269494073"
"-0.07165569342605389","0.20903626365734088"
"-0.08337962027569243","0.04155958908165521"
"0.03579215860313176","0.13148521131825888"
"-0.15506897778430237","-0.4956545759414294"
"-0.8133876468848641","0.47885797383564543"
"-0.2629606689263233","-0.6239682371874911"
"0.23759392111387378","0.18076296820391652"
"0.1621349220890023","0.1613607800806046"
"0.16206599390489368","0.23183208832283947"
"0.0930106213072905","0.2240404448712072"
"0.030414686706941307","0.1824460330662976"
"0.20564852198682396","0.2841068683652237"
"0.02272806916021698","0.3377442260978505"
"0.045330717909966387","0.2398033771901327"
"-0.33254521447121776","0.3544053303800463"
"-1.0578177532305597","0.6185929060154352"
"-0.21683333850340294","-0.15679269175925323"
"0.21157067437127197","0.2075388652075835"
"-0.42788112073473783","0.4429877004680984"
"-0.1477293501135643","-0.014645158537187522"
"0.054066308013861135","0.24931440351217157"
"-0.056156610360457784","-0.30685260906048645"
"0.005076786753404881","0.2672839835518185"
"-0.18731461285188755","-0.1740230504090022"
"-0.2699726891557297","0.27986052242660125"
"0.03212933642844434","-0.1371321330213398"
"-0.07687117249402542","-0.31349130279109155"
"-0.2192032551140245","-0.2760513927730505"
"0.0267147412665444","-0.32107617338890754"
"-0.144842866490606","-0.21758911269146167"
"0.1921327575037964","0.3099035109638044"
"0.20357903441572414","0.23280473803415055"
"0.11902494994733323","0.1333390186874364"
"0.14167845251079014","0.22236518123942484"
"0.1968175223533319","0.2139849790430875"
"-0.004792645095925606","-0.1157239756091709"
"0.07351196931949938","0.25539920562759355"
"-0.07634274671285445","-0.2910669267700952"
"-0.09289719875924851","-0.29531899278283186"
"-0.1486017014582093","0.24271454583455296"
"-0.6864184078512481","0.11371207564829094"
"0.16235298144188437","0.19405064057182178"
"0.16914808880435162","0.2794034650066894"
"0.15741203491684586","-0.384912170624491"
"-0.07542261284463238","0.09203461830754374"
"0.0443972096859024","-0.21819071412344032"
"-0.019040220389560894","-0.36491774520498804"
"0.26127868985915514","-0.3920721213695295"
"-0.22678989391858567","0.4183839541609951"
"-0.09782899577140848","0.036022706809632"
"0.1619578113124977","0.1900036765477572"
"0.11523381303172484","0.2367633516100029"
"-0.11576685229354367","-0.10188215904079422"
"-0.02565939164286389","-0.25383539833350904"
"-0.03874013686118991","0.039793032031646955"
"-0.03729760719159504","-0.16552503272095498"
"-0.012858834396302731","-0.18493935357782504"
"0.32331848016672804","0.08679146195940034"
"0.1815418241360282","0.3130412965142957"
"0.06678619313669576","-0.3968028015438856"
"-0.16333478153830316","-0.26781355690167624"
"-0.261840471347664","-0.20984621397000205"
"0.19857196121932721","0.22718887392575188"
"0.1760148244565999","0.26100147134982804"
"0.11914846251831814","0.23603625320959098"
"0.04539225191870901","0.2558086373681988"
"-0.015554417377883016","0.35071035007200996"
"-0.0676745582917779","0.38369128745904635"
"-0.007890610359633071","0.25805586199931874"
"0.029698970955270427","0.28299270101584506"
"0.17816679491044574","0.08504250954785995"
"-0.04647033486140768","-0.3743514405351085"
"-0.22925406923657296","0.2839789358060756"
"-0.7696271634349836","0.5285713988428234"
"-0.18110971978059487","-0.2640928449113558"
"-0.12757089071340266","0.30050114999349825"
"-0.03675255683530746","0.2775710989594094"
"0.24317363798099242","0.2186444210033067"
"0.3440027950587255","0.13669864353544656"
"0.17294642811841113","0.30544528690075207"
"-0.16345819818962556","0.2292597452259273"
"0.07221584122039504","0.07335868640657162"
"0.17248338578085406","0.2619109645575235"
"-0.00921288709953107","-0.3622124459224753"
"0.03141858231141034","-0.19522601079052695"
"-0.0001449220724278369","-0.052112985604362255"
"0.032299993496535624","-0.1772410660228332"
"-0.12362651586147316","0.17676891401125921"
"0.14757012846182282","-0.19197977674818736"
"0.17054560018776685","0.2467964886669155"
"0.23860454108424559","0.2667972168034248"
"-0.09773193712839957","0.01654279336558278"
"-0.018393414974132386","-0.0009096439255235379"
"-0.04705015229791939","-0.24018769012049643"
"0.15155419321373337","0.23652736297657376"
"-0.32738807057241354","0.09990003437223276"
"-0.233188564704936","0.3125089967528544"
"-0.02113256620902457","0.08666787039883724"
"0.6851962700496647","-0.20545121989987633"
"0.20059817449228484","0.29579526300698217"
"0.20524991997457198","0.28705664162200495"
"-0.06984413466460825","-0.36200978260494276"
"-0.10088829329192922","-0.21986352799856007"
"-0.46080974085412696","-0.07543909058788985"
"0.02852024721826642","0.29636319279229356"
"0.06469897247151327","-0.10996351628211497"
"0.16337219441730902","0.12839899021401738"
"0.12767098869987933","0.3232556316210633"
"0.06531843812245551","-0.1906218305856707"
"0.11360753218483362","0.22100060284517548"
"0.052330824565606414","0.07719561408870508"
"-0.5975829897841134","0.10101326438929982"
"0.2013004673635295","0.21759099924984107"
"-0.07149307389941784","-0.1411234488828702"
"-0.052136365285367886","0.24685041764524468"
"0.2197865241671486","0.2355049318989689"
"0.2665562945350733","0.19579848752679255"
"-0.09028859854428893","-0.2715744201557126"
"-0.009437577865889871","-0.11554712017225878"
"0.14816944844442492","0.12715553532449506"
"-0.08602185781382171","-0.292605576181195"
"-0.12021160392557928","0.0943899444043721"
"-0.013318539770698258","-0.25806400516620104"
"-0.09882499273356216","0.2273995581267831"
"-0.3594621610378494","0.4070486906349251"
"-0.01915350816043164","0.21822578426924383"
"-0.021178464000152854","-0.3037141552590586"
"-0.15828399451281017","-0.22593108588635943"
"-0.34265571335037787","-0.1035586359472564"
"-0.4370987723395184","0.3884856282256212"
"0.14927514485361684","0.17671354164858485"
"-0.23303248850659902","-0.026460823663199108"
"-0.3605068312319234","0.24393817697625458"
"0.11859130564438608","-0.43413610694205423"
"-0.28413640143702956","-0.21271706923112324"
"-0.04070793062316176","-0.23569573461331136"
"-0.0341083860698986","-0.31162516309160987"
"-0.26382512066376224","-0.23927872190102506"
"0.16531994703064348","0.26341565641861026"
"-0.01746193421909671","0.08185184140780016"
"0.2741328288659553","0.19744268726756709"
"0.16565270892536102","0.2442671546541643"
"0.11101295873481268","0.16881618273737417"
"-0.06834702027328127","0.2439105881285497"
"-0.061399741447139354","-0.29456418414431035"
"-0.11785153006732071","-0.3670632831133137"
"0.19879500157196173","0.17085936785152397"
"-0.2752128172856688","0.15454266389500354"
"-0.009940246428253967","0.2602962604974367"
"0.21746445624991476","0.17807070815172604"
"-0.015544781875111232","0.35568326131283373"
"0.3398408255489895","0.08895586638791601"
"-0.02231119417114263","0.2951603372602802"
"-0.2195880587015377","-0.251120864753486"
"0.14843224255794601","0.02023968964151677"
"0.09190834213789748","-0.13507787363588264"
"0.1961753309077689","0.315766051751143"
"-0.08946257377756528","-0.2736994618967272"
"-0.017807097970944652","0.34697674858710237"
"0.23163739290110466","0.1663161462061424"
"-0.6914399770292557","0.26606999210163196"
"-0.3639149248780586","0.41941578715417116"
"0.04885200235672545","0.314579594945535"
"0.1422334174084249","0.2586207075156806"
"0.06407221901415358","-0.12077075653376951"
"0.34965424388391064","0.08218281958958491"
"0.1787998713737354","0.22429647701109923"
"0.10252210916381019","0.18428473921073232"
"0.22971654685619058","0.26348337783168607"
"-0.028987180346077824","-0.3048682795052655"
"0.14488169969191633","0.09175685116619833"
"0.1817768213831923","0.28352202431744655"
"0.09804021665988014","0.1721621887890505"
"0.2674575986024218","0.17819536113598375"
"0.11749554829278337","0.24133726251498136"
"0.20902207819611365","0.26313601485469035"
"0.15500109860520367","0.19456417724552819"
"0.02383229287020649","-0.2832633280440646"
"-0.02474663465693852","-0.30689110671249503"
"0.053770789602616616","-0.45716352504304253"
"0.09902166389671715","-0.22910942460529285"
"0.12035339311185474","0.09651472194042067"
"0.2098334497194363","0.28999516252591273"
"0.047137502032296615","-0.1526010651152923"
"0.1379466664658837","-0.2810542351653012"
"0.17373441364487166","0.3210164157237239"
"-0.03472965335289877","-0.18294636451946455"
"0.1713403226344177","0.28689473163356344"
"0.2507452472525276","0.22037467082250908"
"0.138388904445753","0.2738822761205171"
"0.008562956123027219","-0.2118917025383349"
"0.10940046744597043","0.171179102429444"
"0.08404794559088398","0.260725923030108"
"0.19018145833400585","0.2490964893695151"
"0.7869777973912211","-0.10467024780319932"
"0.1448684328066688","0.09250141558076184"
"0.14534857987803707","0.18842263625022182"
"0.11579155296885803","0.15446347104272187"
"0.1366317113795794","0.17925497831371687"
"0.030082155561530675","-0.11134956676111679"
"0.15246962192303104","0.07837464723805039"
"0.05886166519774887","-0.33305272303634115"
"0.035875964330518394","0.08562861375001932"
"0.1253502831521137","0.22977852116214936"
"0.10569934339189652","0.33886377429495507"
"-0.02424292699937907","-0.3677452144512291"
"0.24396759732523346","-0.5843749579805712"
"-0.004958974593125172","-0.3178526784715481"
"0.044626265343409376","0.3363642134230017"
"0.042723874339450296","-0.287060788824556"
"0.036033701302907145","-0.35270342544092237"
"0.2582669444168035","0.252134580806565"
"0.2304108280878953","0.2397246567545389"
"0.07481287915593325","0.24707336549374584"
"-0.01297918918499174","0.20218001307016653"
"0.2670587882349317","0.08584958093178004"
"-0.05051734606568914","0.3188330116336511"
"0.002861281831353269","-0.41444545588698634"
"-0.06114730772706522","0.22448901793659468"
"-0.053879917215160535","-0.33411029595995456"
"-0.04006799568030034","-0.33693721208411653"
"0.04470601824857306","0.35779395450892726"
"-0.04058826546734144","0.040067580411613436"
"-0.08236433976117735","-0.19276792576503848"
"0.29880265584739074","0.15168744823851488"
"0.21129987817624396","0.27350748227432947"
"0.16681465095072256","0.22256186424121846"
"0.08651283905661705","0.23724743106217286"
"-0.03038536841447398","-0.1075726779938943"
"0.13950345280408666","0.12197005217991423"
"0.18480117583658992","0.1990629415758367"
"-0.06726079534104382","-0.35840520965855766"
"-0.2516078385385318","0.4512047532313456"
"-0.00322398669641128","-0.3216649151201101"
"0.18309931747982322","0.21142386388910642"
"0.1941594464697237","0.2830895468916827"
"0.3916650364495373","0.058466023887085994"
"-0.3197507241467033","0.4229008722907543"
"-0.09900376068241316","-0.2694613542233536"
"0.1597950059410459","0.24303166046404537"
"0.057109030806258745","0.22747135908095598"
"0.39354773211756433","-0.4141915001833562"
"0.10704062232661792","-0.030026895520110324"
"0.20310794749815594","0.19677884533578366"
"0.11246206662789948","-0.055825811747363306"
"-0.0625411417596107","0.18390314650482975"
"0.1184587722251061","0.29717959213998546"
"-0.057369885217784015","-0.3290345375505884"
"0.09158762820898067","0.24882287453270316"
"0.37095846607150346","-0.6502439042113864"
"0.007823444304876396","-0.33342568847379495"
"-0.014338323982514823","-0.18420477516701655"
"0.08778000738011794","-0.09343108615251083"
"0.03419840475610228","-0.06249204624176646"
"0.20523465993061918","0.24565913945210308"
"-0.035596107034041896","-0.26959600807138845"
"-0.01723837170738382","-0.24909307920796536"
"0.03086290749653217","0.15630647804264144"
"0.0008036044898879826","-0.006664089617225209"
"0.16304408550410535","0.26823473785468993"
"0.08492173472148408","-0.3380171299886936"
"0.1416531236142811","0.21837231055523643"
"-0.016422592753331286","-0.24644818340667918"
"-0.0654529295972368","-0.3931301081099027"
"-0.09647096817102285","-0.17130758672777918"
"-0.02928842449359771","0.008578411238114623"
"0.16802001760762464","0.2660296472384027"
"-0.04677818176077303","-0.0953343584233674"
"0.2046663210781373","0.2990690425213177"
"0.08761679998387699","0.1467938941244318"
"0.19247031899247244","0.2293451637449319"
"0.01725333967948114","0.11500372919066616"
"0.12478306741929594","0.051240086326699935"
"0.19794016835358874","0.222306591235657"
"0.11356983836003154","0.013879138845180753"
"-0.031035238268650994","-0.2880897631084917"
"-0.014906215371926435","0.11497151320591359"
"-0.22328165194195773","0.11993767741385003"
"-0.15232750161959352","0.036391718573607866"
"-0.12505654476810157","0.2509368623465084"
"-0.026428881480610508","-0.2564312884653968"
"-0.08550329820083828","0.22357268502799202"
"-0.1627201911626278","-0.26612377232336587"
"-0.12383276946435813","-0.25011646478883215"
"-0.02536919814038643","-0.3497516129301617"
"0.018958917836901373","0.31874887953469816"
"0.06814747482900585","0.35932850061757987"
"0.09778849009851856","0.2409375684230917"
"0.2082398205879083","0.2668305446083284"
"0.15760922998873422","0.25551605026620927"
"0.2716125026123681","-0.04551476931452903"
"-0.05201549429012094","-0.3203830989985159"
"0.17588497010945361","-0.5227807959363152"
"0.13462628118716666","0.23684706969772082"
"-0.03534848587674241","-0.31055111452293666"
"-0.033638846950125485","0.16544621187826866"
"-0.23338862569776503","-0.12122107093625732"
"-0.08309297490721895","-0.2757692312506808"
"0.29635941931537857","0.1320256227260625"
"0.27367327102690514","0.200734029068837"
"0.19821396948543135","0.20619204008364797"
"0.20461541179877626","0.26722521222124396"
"0.17964081025475923","-0.487395786401694"
"-0.33363358554353734","0.21625572723267786"
"-0.09279780263451205","0.3144190389387564"
"0.1648657611160481","0.27580661892557873"
"0.21258284967257796","0.24678712457422183"
"-0.10347854156633275","0.37939822281161506"
"0.12723539756470284","0.2348870452366154"
"-0.03279007116512023","-0.22033515282405317"
"0.05277867731116052","0.2799648045069248"
"-0.22695056893841017","0.4242572665899126"
"0.04808659093793908","0.23766624858775437"
"-0.3167339545755781","0.3199914349143511"
"0.2724458740852168","0.2219615647186762"
"-0.30484164967869165","0.05918787881054737"
"0.22206460847293955","0.25428863714053246"
"0.1685759808680764","0.24124466400881167"
"0.18204052693324488","0.2597153726203092"
"-0.08122354590599382","-0.3073216774719239"
"0.27529060514768366","0.1194356796465347"
"0.034357376240948444","-0.16110965203662247"
"0.20142397419590738","0.32401668003798445"
"-0.034004761699119854","-0.3047333307474528"
"-0.03638378196711084","-0.3003431676811547"
"-0.01740637720835867","-0.3089741959837631"
"-0.07117440257833912","0.1070235851797448"
"0.10105140507532787","0.13790516219284377"
"0.03975306544137233","0.19667300074115823"
"0.1099350379782855","0.16653898164626182"
"-0.035429390431215214","-0.31400339703483615"
"-0.13453636351454332","-0.29167700287676074"
"-0.0028175671918669112","0.32228143554886163"
"0.001970040477054186","0.3054031897416904"
"0.15289757886831573","0.2557676457063862"
"0.07346311481535979","0.3233566582390533"
"0.16941787451336657","0.2219340090372025"
"0.1496703713662751","0.24062060013242062"
"0.17732025766433926","0.3141855075223886"
"-0.23144001542321518","-0.08880685278052818"
"-0.2126271099477022","-0.07028612502517154"
"-0.8137250620622443","0.21055464340400962"
"0.019113515013629657","0.26802374719559613"
"-0.009480323241700601","-0.21251492454690385"
"0.0884196652068759","0.1277001308153479"
"-0.07724406773788547","0.2520153952897761"
"0.08259663363816626","-0.23270890491849727"
"0.09507339213206395","0.3349451432883685"
"0.00031546310800545705","0.24286054605429905"
"-0.13687386294956977","0.15863297842895446"
"-0.17030741300071325","0.20690743433817904"
"0.05421642525373862","0.047609243616294476"
"-0.09438182208917575","-0.0007613035180974628"
"-0.18248710696120557","0.3092468256447821"
"0.15974470254079584","0.13847789922866335"
"-0.47803066239249414","0.4031151424464241"
"-0.3961668211182892","0.4488412450996385"
"-0.2575842571762211","0.2584590029483573"
"0.16190141277345738","0.24004783245394687"
"0.025435594420081153","-0.3234288028911295"
"0.011239285249992823","0.10113993606622255"
"-0.10434928039040599","0.2529384803868185"
"-0.26797162871221","0.366278275545929"
"-0.35022397576734243","0.3093515833394241"
"0.19141805976040727","0.21581670587451074"
"0.026516169340008562","0.1058636981771673"
"0.16523318856831262","0.13379008993543484"
"0.21417966139075556","0.24953773140175634"
"0.08709294104563105","0.015280345481242904"
"-0.08141066499630471","0.08758557647240219"
"0.36772595054981155","0.050583189144170204"
"0.1859963558661265","0.2909294474548649"
"-0.01249286100264623","-0.22597554902417533"
"-0.18827214844516799","0.07184303233633535"
"0.5364784623890743","-0.04075029030613591"
"-0.3684729976949366","0.002848383023077717"
"-0.017784047003452864","-0.23901236526466252"
"0.19247856826936238","0.15857724164658243"
"0.2712003016353175","0.1316516967496476"
"-0.05217457415840945","-0.30564257684996643"
"0.15111005575835354","0.2304505842401162"
"0.14228928006160493","0.174472827778428"
"0.27654400663498047","0.13084343480159993"
"0.19885032344570527","0.24245919972878857"
"0.12671325909293538","0.14736040181165963"
"0.0452037150860431","-0.15093131909569824"
"-0.40868315874323385","0.25190317166429027"
"-0.06280833253284004","0.3208021052970221"
"-0.29365838219147367","0.4083543007322394"
"0.20493486143710815","0.24915143870060766"
"0.11253793784128704","-0.43198414640805693"
"0.09693660340412315","-0.3829613280629357"
"-0.17748661093912166","0.309179230333772"
"0.0014473272812643588","0.29451862253583905"
"-0.22103959069964427","0.36956448461005115"
"-0.03879596267784704","-0.2360341723476203"
"0.20230935599511854","0.28627215516713284"
"0.013727611322909809","-0.2420985452089994"
"-0.5785202426077078","-0.10960417741035987"
"0.3351872350849059","-0.6178694674325543"
"-0.020765906052902475","-0.336349384981401"
"0.10059867110820252","0.3087163325424692"
"-0.01654530229459884","-0.3197853181562801"
"0.15099778248718218","-0.4605434959943248"
"-0.17985987751968996","0.04071628178272052"
"-0.07532295183124593","0.2008783028507936"
"0.08669444624374677","-0.07592120701874279"
"-0.013957022578756516","-0.13526320184432125"
"-0.023637973980460386","-0.09364985412304996"
"0.025194536401705915","-0.14608721809891134"
"0.03744622281701958","0.0455259325570336"
"-0.4378182434484796","0.024776316204486316"
"-0.04526906623763508","-0.0036948481001208866"
"-0.4081116326611223","-0.11239062232678748"
"-0.02914227517030028","-0.19153464806888298"
"0.16049890484858387","0.1935014475672709"
"-0.009259788044356072","0.13928998139959042"
"0.25539903830546884","0.13357942687593657"
"0.1719616379397288","0.18388977799885914"
"0.06008719536014833","0.34084107274828984"
"0.08362547747870958","0.13981148376165495"
"-0.09953442049245356","-0.3279114935923262"
"-0.11242172293945953","-0.3043773219488951"
"-0.046369583076323814","-0.3356348224744403"
"0.07681960494906129","0.347432661331666"
"-0.06126558668980306","0.04862588434049257"
"0.20115298521198793","0.2780618073484777"
"-0.07206290035344654","-0.19994831193051762"
"-0.2041772906717025","-0.0761736049338795"
"-0.1541450088601156","-0.2375693348481933"
"-0.062591351509836","-0.09955075784791483"
"-0.13373913269381935","0.25048992199662556"
"-0.03403785480706114","-0.23584446637012502"
"-0.2703695593495467","-0.052844208040392256"
