DRIBBLES,TOUCH_TIME,SHOT_DIST(ft),CLOSE_DEF_DIST(ft),FGM,pca_x,pca_y,mds_x,mds_y
0,0.8,22.6,6.9,0,-13.42138077,17.85809046,0.033655701,-0.293338095
0,0.8,23.2,5.5,0,-13.93421966,18.28476895,-0.010046182,-0.282593506
0,0.9,21.9,4.2,0,-13.13217274,17.33272423,-0.022451894,-0.232750618
1,3.6,7.9,3.1,0,-2.184214458,8.352300359,0.029847494,0.140799318
1,3.6,6.4,2.3,0,-1.283708389,7.194080652,0.036551789,0.189370705
0,0.8,20.9,1.3,0,-12.81730362,16.44554607,-0.106261626,-0.173017243
5,4.1,13.2,4.6,0,-5.341617764,12.53309425,-0.111507083,0.033446931
1,2,24,5.8,0,-13.57916511,19.62403068,-0.050433654,-0.285504616
10,9.8,12.9,3.4,0,-1.247318409,15.70654242,-0.398957012,0.155141772
0,0.8,15.6,5.5,0,-9.011954155,12.50272906,0.076168835,-0.106696432
1,2.7,10.6,2.3,0,-4.68291473,9.807493705,0.02997262,0.080684905
0,0.8,24,2.1,0,-14.75407611,18.82103733,-0.12346405,-0.263964137
3,2.9,6.6,0.5,0,-2.218649101,6.752001039,0.005470427,0.222597278
2,2,16.3,3.5,0,-8.855017367,13.66529778,-0.014038993,-0.067780402
2,4.2,17.5,5,0,-7.839309148,16.03266104,-0.08236971,-0.089661444
10,7.7,24.7,3.8,0,-10.43863605,23.33460946,-0.441838371,-0.151245566
0,0.9,24.1,4.2,0,-14.55703907,19.00647262,-0.056094285,-0.284547974
1,1.9,22.8,4.2,0,-13.01939792,18.61236345,-0.065657741,-0.235195879
0,0.7,22.5,7.8,0,-13.35219143,17.73650875,0.061233804,-0.311067208
2,2.8,10.5,5.6,0,-4.308631354,9.814652369,0.041893782,0.036672113
1,2,23.3,7.6,0,-12.96606272,19.12978653,0.034546762,-0.312668771
28,21,7.6,1.7,0,9.42632182,17.95001314,-0.902153604,0.876905639
0,0,4.7,2.3,0,-2.839925722,3.624689614,0.18309272,0.194094531
0,1,20.5,6.7,0,-11.92813908,16.38548125,0.047556981,-0.238392911
0,0.1,4.1,0.9,0,-2.500119573,3.203072749,0.180752648,0.24373012
2,6.1,4.8,3.2,0,1.659778934,7.56076378,-0.061711703,0.258242845
0,1,16.2,5.6,0,-9.24078941,13.09065096,0.066929704,-0.120147076
0,1.4,1.7,1.3,0,0.070564775,2.226237245,0.157457302,0.298233727
1,1.3,5.2,1.7,0,-2.294993912,4.781215157,0.116914717,0.206443629
2,2,6.8,1.3,0,-2.897418164,6.390921945,0.059524285,0.18600556
0,0.9,14.4,9.5,0,-7.804340604,11.73957182,0.20673333,-0.162467166
3,4.2,27.1,4.8,0,-14.13343363,23.28037435,-0.206426793,-0.307473458
7,5.2,20.1,2.2,0,-9.311155436,18.33941812,-0.271295579,-0.06702258
2,2.5,19.9,5.9,0,-10.59640961,16.77853319,-0.039815442,-0.17644986
0,0,3.2,2.2,0,-1.877300163,2.481369077,0.195610558,0.234990395
0,9.7,17.1,3.5,0,-3.44631359,19.3559416,0.283397,-0.141620716
0,1,17.8,4.1,0,-10.41016903,14.27599573,0.03027708,-0.134270178
7,6.2,10.2,0.3,0,-2.313414788,11.41369285,0.221666022,0.06278962
8,10.7,20.4,1.6,0,-5.467991078,22.05943371,-0.467120859,-0.003905451
0,0,1.8,2.2,0,-0.970567043,1.416256466,0.209298146,0.269089728
19,18.1,17.9,4.4,0,1.336046753,24.43350813,-0.910935207,0.181249591
0,1.6,25.2,4.2,0,-14.7413557,20.29595498,-0.080873,-0.303940157
1,1.5,22.1,2.5,0,-13.01867386,17.78499021,-0.090650658,-0.203370167
2,3.5,24.9,2.1,0,-13.41751007,21.14820869,-0.193789488,-0.237334189
1,2.4,6.4,2.1,0,-2.206799457,6.413924036,0.075036292,0.179524002
0,0.3,25.6,5.2,0,-15.89246804,19.78099938,-0.043535923,-0.342142711
0,0.8,21.5,6.2,0,-12.7710671,17.00631709,0.02703588,-0.254338783
0,0.8,19.5,5.4,0,-11.54672777,15.46770002,0.031418582,-0.195226011
0,0.6,21.7,8.4,0,-12.85625816,17.07598538,0.08894535,-0.307251055
0,0.8,22.1,6.2,0,-13.15966701,17.46279393,0.020417366,-0.268433009
1,0.4,23.9,22.2,0,-13.26615108,18.86248454,0.466947276,-0.753493635
6,6.5,22.8,0.4,0,-10.18002548,21.24746886,0.249325695,-0.235939819
6,3.6,1.9,2,0,1.310280693,3.50582344,-0.027906789,0.347378784
0,1,27.3,13.5,0,-15.7288249,21.70362017,0.121503268,-0.571837088
0,1.4,30.3,3.8,0,-18.23084221,24.03817764,-0.142580888,-0.425434619
0,0.8,26.1,3,0,-16.03430788,20.43786232,-0.116079136,-0.326559918
0,0.6,23.1,3.6,0,-14.1889535,18.03893225,-0.053815492,-0.256707126
0,1.1,24.8,3.2,0,-14.94825732,19.64706102,-0.098166223,-0.28939269
3,2,8.6,2.1,0,-4.051001706,7.725720949,0.031537716,0.135227187
0,1,17.2,8.5,0,-9.631103752,13.91317082,0.137643005,-0.201677952
0,0.8,19.3,5.9,0,-11.37282341,15.32618334,0.043599309,-0.198632653
2,1.6,15.5,2.9,0,-8.691910313,12.78525804,-0.000220462,-0.04520672
2,3.7,13.7,3.3,0,-5.906264113,12.78216585,-0.037722326,0.01173541
0,0,3.3,2.2,0,-1.942066815,2.55744855,0.19471826,0.232516218
1,2.3,19,2.7,0,-10.38959748,15.94804995,-0.051698713,-0.121932218
0,0.1,3.8,1.6,0,-2.243700129,2.989733503,0.183255967,0.233652284
0,1.2,2.3,1.8,0,-0.42455451,2.564039725,0.161885433,0.271935859
0,2.3,16.8,4.3,0,-8.763966224,14.36001593,0.012174292,-0.100411743
4,6.6,12,2.9,0,-2.770371543,13.25207373,-0.163076402,0.103177798
0,1,4.1,0.9,0,-1.821112591,3.784997531,0.145924989,0.249622551
3,4.2,3.2,1.5,0,1.052947037,5.02714153,0.007077505,0.295044377
10,7.4,17.6,4.1,0,-6.039916819,17.74537736,-0.368970521,0.01240379
16,14.4,3.3,4.2,0,8.159088846,11.0842682,-0.604210745,0.480256972
2,3.2,19.5,4.3,0,-9.951213868,16.89276822,-0.073080348,-0.13727742
0,1.3,24.5,7.6,0,-14.21260156,19.64179115,0.023571158,-0.349482086
2,2.3,5.3,3.2,0,-1.530972688,5.484145394,0.076239138,0.192697502
0,1.2,24.7,4.8,0,-14.66605804,19.6696951,-0.052126863,-0.303643071
0,0.8,23.8,8.9,0,-14.02109634,18.81361319,0.07257786,-0.36704992
0,0.9,25.7,10.6,0,-15.02535587,20.35996517,0.08195529,-0.454548941
0,0.7,25.3,3.7,0,-15.52950039,19.77946741,-0.085626619,-0.312698289
0,3,4.9,1.6,0,-0.76822191,5.701698662,0.079092068,0.230007568
8,7.1,8.3,3.5,0,-0.178644137,10.56655904,0.273143352,0.066364945
5,3.8,22.5,6.2,0,-11.4492646,19.44856549,-0.198264711,-0.200701779
9,8.4,4.3,1.6,0,3.165422219,8.27183844,-0.260456649,0.357117719
0,0.8,24.9,5.3,0,-15.05300116,19.57386307,-0.036907784,-0.319857644
0,0.9,22.1,5.2,0,-13.17296392,17.50616771,-0.004570694,-0.251247651
0,0.3,0.7,4.9,0,0.207805529,0.830825428,0.264840235,0.243794545
0,1.2,6.3,5.3,0,-2.704623118,5.681714469,0.177059784,0.107887915
0,0.8,22.9,9.6,0,-13.37607698,18.14379711,0.104944935,-0.363999545
1,2.7,18.3,5.9,0,-9.350475228,15.74223738,-0.007250911,-0.146768988
2,3.5,5.5,0.1,0,-1.030263947,6.346222007,0.012791891,0.259745521
0,0.9,23.2,5.5,0,-13.85877444,18.34942726,-0.01151815,-0.281545103
5,6.1,16.1,3.2,0,-5.835185232,16.00276679,-0.199302271,0.007034776
0,0.8,24.2,5.2,0,-14.60850882,19.03917832,-0.030042451,-0.301574229
0,1,25.7,6.3,0,-15.33150181,20.3331,-0.025512138,-0.352992555
3,2.2,14.6,8,0,-7.262531793,12.54538463,0.125827692,-0.11219299
3,3.5,3.3,3.1,0,0.60205125,4.684668085,0.03072509,0.265206861
16,15.1,15,5,0,1.180500873,20.45520224,0.745109315,-0.069912324
0,1.2,1.7,1.9,0,-0.027080389,2.109691344,0.168210031,0.283890923
7,6.5,3.6,2.2,0,2.356129911,6.626863219,-0.153550766,0.330248584
0,0.8,24.2,6.2,0,-14.51976669,19.06046284,-0.004958975,-0.317852678
8,7.7,24,5.2,0,-9.743475472,22.93516974,-0.385549013,-0.164781828
1,3.3,7.7,1.7,0,-2.405255795,7.976368146,0.031867281,0.164686884
0,0.9,25.7,7.5,0,-15.30045647,20.29398313,0.005034097,-0.37777282
1,2.1,6.2,1.7,0,-2.339098666,6.059276352,0.08334942,0.188625587
1,2.5,12.9,4.7,0,-6.110457045,11.47908782,0.034819903,-0.010214124
0,1.4,25.3,5,0,-14.88601909,20.25974546,-0.058297546,-0.319005428
2,1.4,9.5,1.9,0,-5.045543796,8.069888559,0.059397311,0.105753559
0,0.7,23.9,4.8,0,-14.52515093,18.73776778,-0.034482341,-0.289899163
0,0.8,8.4,4.3,0,-4.455245806,6.99946562,0.138895171,0.07876953
1,1.9,7.7,3.1,0,-3.337249897,7.100950159,0.085727778,0.128993899
9,6.7,21,5.1,0,-8.622579862,19.95241491,0.255656097,-0.244295274
0,0.8,11.1,2.7,0,-6.3459328,9.019556124,0.100485478,0.039063324
0,1.1,22.8,6.7,0,-13.34232684,18.19996743,0.022390637,-0.291379101
0,0.5,1.6,2.8,0,-0.410562363,1.600159785,0.202909269,0.263492623
3,3,8.3,2.4,0,-3.075626911,8.150450982,0.00631627,0.147103563
2,2.5,5.9,2.2,0,-1.857424285,6.048654317,0.059691105,0.195558049
3,4.2,7.5,2.5,0,-1.643276845,8.319843367,-0.024489066,0.176815636
0,0.8,3,2.5,0,-1.117582461,2.852861965,0.174886753,0.237690668
1,1.2,2.2,2.2,0,-0.383068526,2.444814944,0.149485085,0.270153918
1,3.6,7.8,3,0,-2.128322019,8.274092434,0.030227721,0.144563303
0,0.7,22.4,5.9,0,-13.45603482,17.61998868,0.010948494,-0.271333046
0,1.1,23.2,7.1,0,-13.5658966,18.51279913,0.028796411,-0.308990237
13,10.6,20.9,3.8,0,-5.965924466,22.16370312,0.487922573,-0.26632222
3,3.3,13.6,5.7,0,-5.989074753,12.44687689,-0.036329147,-0.016572119
2,4,5.2,2.4,0,-0.254630997,6.490229554,0.017116339,0.225236252
0,1,18.6,10.4,0,-10.36922683,15.01872404,0.184553276,-0.284003802
8,5.1,1.3,2,0,2.713003867,3.915903002,-0.11173284,0.393490297
3,2.3,12.6,5.6,0,-6.104734653,11.03737062,0.018189927,-0.007232254
0,0.9,24.9,6.1,0,-14.90656224,19.65554901,-0.018045958,-0.331672603
5,4.2,21.6,5.5,0,-10.62670335,19.0075843,-0.195127437,-0.164821069
2,2.2,5.2,2.8,0,-1.577148109,5.334893801,0.078150605,0.20016575
0,0.8,25,5.7,0,-15.08227096,19.65845636,-0.028314215,-0.328304648
0,0.9,24.9,4.4,0,-15.05742386,19.61936531,-0.061206516,-0.306887475
0,0.9,24.8,7.4,0,-14.72643082,19.60713942,0.016697889,-0.354836676
0,0.9,24.8,4.3,0,-15.00153142,19.54115738,-0.06261675,-0.303243592
0,0.7,23,7,0,-13.74701839,18.09987849,0.032843959,-0.305660407
0,0.9,19.1,6,0,-11.15897067,15.24081116,0.04603937,-0.194685041
7,6.9,8.5,2.1,0,-0.524529341,10.61126214,-0.206924092,0.217035478
0,1.2,26.4,2.9,0,-15.93570116,20.92260552,-0.126141366,-0.327869029
1,6.2,14.9,3.3,0,-4.738555908,15.36323636,-0.137706372,0.008746784
2,2.7,4.6,1.7,0,-0.90893844,5.178295531,0.06101012,0.237104309
0,0.6,24.1,1.4,0,-15.03185269,18.75290101,-0.151864746,-0.265578068
0,0.8,11.5,7.9,0,-6.143540338,9.434553567,0.190215205,-0.062698187
0,0.7,4.5,3.1,0,-2.111282175,3.942166457,0.170031516,0.18930612
1,1.5,24.5,8.3,0,-14.05836915,19.73434782,0.037408722,-0.361836769
2,2.7,11.5,4.3,0,-5.147107855,10.48311889,0.019206644,0.036359269
2,5.2,6.6,1.8,0,-0.309266752,8.318471157,-0.040836329,0.217285814
0,0.8,6.1,2.7,0,-3.107600229,5.215582511,0.146588088,0.159857433
0,0.8,19.8,2.1,0,-12.03387675,15.62569949,-0.024662542,-0.156357919
0,1,6,1.4,0,-3.007307904,5.241149769,0.135272927,0.185751797
0,0.8,24.6,4.6,0,-14.9208207,19.33072549,-0.050841613,-0.303145087
6,5.8,3.4,1,0,1.909833637,6.048213795,-0.107124045,0.337042973
0,0.8,23.1,5.5,0,-13.86945301,18.20868948,-0.008805562,-0.280247646
4,3.7,8.3,3.1,0,-2.544168399,8.566299197,-0.034166967,0.151306225
11,8,18.8,6.2,0,-6.236864365,19.03931928,0.361168166,-0.224843043
9,7.6,18.4,3.7,0,-6.383878923,18.52647507,0.285001713,-0.167034021
3,2.9,4.4,1.1,0,-0.740537493,5.091023366,0.033820507,0.262221124
2,5,11.3,4.8,0,-3.237963425,11.82874332,-0.066399554,0.06315124
0,0.8,4.6,1.8,0,-2.215968373,4.055234351,0.154114202,0.212451813
3,3.8,6.9,3,0,-1.512086753,7.615375561,-0.00584551,0.179693663
1,1.8,6.2,1.3,0,-2.600931177,5.856787613,0.089737132,0.193815601
8,6.4,9.6,1.8,0,-1.699588765,11.06680031,0.234865651,0.058439944
0,0.8,24.4,8.7,0,-14.42744467,19.26583311,0.057889817,-0.376134388
2,5,4.1,0.6,0,1.052518539,6.261626297,-0.015829429,0.2979508
9,9.4,2.6,0.5,0,4.923291154,7.60165752,-0.274244532,0.42612271
6,4.1,10,1.7,0,-3.58521461,9.98516688,-0.121513655,0.151673339
0,1,25.7,2.1,0,-15.70421874,20.24370498,-0.144648093,-0.307448709
1,2.2,5.6,2.9,0,-1.768562983,5.692999263,0.093917634,0.183289457
12,10.8,14.1,4.6,0,-1.281130507,17.18830237,-0.490209798,0.139321703
1,1.2,8.8,3.5,0,-4.542302753,7.493730002,0.098745936,0.0913513
0,0.8,22.6,4.4,0,-13.6432361,17.80487914,-0.027268401,-0.252746166
4,3.9,7.3,5.5,0,-1.532630337,7.985903963,-0.057524987,0.153787113
17,15.9,4.8,3.4,0,8.189496155,13.12664818,-0.681096989,0.475569158
0,1.8,26.7,2.5,0,-15.71282665,21.53027998,-0.149904337,-0.325228398
0,1,4.2,0.7,0,-1.903627668,3.856820097,0.14355295,0.253483962
5,6.9,20.8,11.5,0,-7.539096423,20.27243005,-0.385040629,-0.236070321
4,8,2.8,1.9,0,4.155651341,7.13669408,-0.136841035,0.356962573
0,0.7,1.5,0.1,0,-0.434509017,1.595928701,0.176001872,0.331231551
0,1.9,1.7,0.4,0,0.36792296,2.530372714,0.1383257,0.324020014
0,1.3,0.9,0,0,0.397887999,1.525273269,0.162984906,0.347407683
3,6.1,13.5,4.5,0,-3.918332491,14.15568864,-0.141413204,0.037255655
0,0.8,24.3,5,0,-14.69102389,19.11100088,-0.036325557,-0.301149508
0,0.8,22.8,8.9,0,-13.37342982,18.05281846,0.08711177,-0.343634074
0,1.3,25.3,4.2,0,-15.03245801,20.17805953,-0.076798482,-0.309824073
0,0.7,3.3,5.1,0,-1.156598101,3.071781849,0.228342231,0.176702111
1,2.7,15.2,3.1,0,-7.591186993,13.32417705,-0.008491259,-0.036601807
0,0.8,20,7.3,0,-11.70195099,15.88853799,0.072894208,-0.240937513
1,1.6,9.9,1.3,0,-5.14818772,8.542411469,0.064052376,0.100957052
1,1.5,23.9,5.5,0,-13.9182472,19.2182743,-0.041002747,-0.284397933
0,0,2.6,2.2,0,-1.488700255,2.024892244,0.200697396,0.25048844
0,0.9,19.4,4.8,0,-11.45976118,15.44350814,0.020831897,-0.182882987
3,3.2,7.9,2.7,0,-2.639047227,7.98183507,0.004925321,0.153922243
2,2.1,9.7,2.2,0,-4.62033792,8.681041026,0.038476693,0.103438878
0,0.8,23.9,4.5,0,-14.47632835,18.79604073,-0.043733064,-0.284660417
1,1.8,20.6,5.9,0,-11.51911519,16.91014046,-0.001213802,-0.210082061
0,0.6,13.4,1.7,0,-8.075198352,10.61878284,0.09273674,-0.007781842
0,0.6,30.3,4.8,0,-18.74566184,23.54219569,-0.108052912,-0.44324845
2,5,9.4,3.4,0,-2.131636027,10.35343501,-0.050456629,0.123848814
1,2.4,5.8,0.7,0,-1.942438528,5.927648861,0.067078294,0.223073492
3,6.4,8.7,3.5,0,-0.671939691,10.67656436,-0.116603826,0.163852825
3,5.6,8.8,1.2,0,-1.544374999,10.18642295,-0.09558469,0.183557288
0,4.9,19.7,2.8,0,-8.813736584,18.21550987,-0.138761419,-0.114907844
0,0.8,18.3,6.5,0,-10.67191161,14.57815934,0.068556318,-0.186176745
1,2.7,4,0.4,0,-0.57692578,4.745807929,0.074343609,0.279092032
1,1.8,3.6,0.3,0,-1.005740369,3.857436805,0.105066957,0.285577328
0,0.8,24.5,4.5,0,-14.86492826,19.25251756,-0.05225821,-0.29940249
0,0.9,22.3,4.4,0,-13.37349092,17.64129903,-0.02429108,-0.244712518
0,0.9,24.4,3.8,0,-14.78683588,19.22619723,-0.071282095,-0.287388158
2,2.9,20.4,4.4,0,-10.75157518,17.385637,-0.073087795,-0.162844884
4,3,14.4,3.3,0,-7.005302251,12.75879575,-0.064331245,0.002079588
5,4,28.8,4.4,0,-15.53840903,24.33257671,-0.260159152,-0.333399341
2,1.8,3.5,3.3,0,-0.733524851,3.793551801,0.108556658,0.232044861
1,1.2,4.6,1.8,0,-1.972965011,4.262208467,0.125768766,0.218356496
4,4.2,19.8,5.9,0,-9.366629253,17.69832674,-0.153558185,-0.136366761
0,0.6,7.8,4.3,0,-4.217536338,6.413672169,0.151360429,0.091016009
1,1.3,7,3.4,0,-3.30993202,6.186829358,0.112909977,0.135036036
0,1.3,24.8,9.7,0,-14.22054305,19.91472708,0.073259952,-0.408119409
0,0,19.9,5.7,0,-12.3827335,15.2611368,0.051988833,-0.218104967
3,5.1,6.4,5.5,0,0.014389687,8.128747543,-0.076985979,0.185922363
0,1.2,25.3,5.7,0,-14.97479004,20.14532801,-0.037416224,-0.33152086
0,0.9,17.1,6.6,0,-9.810392365,13.73199243,0.081974695,-0.159633562
3,3.3,10.6,3.9,0,-4.205811041,10.12618057,-0.014895947,0.075386269
0,0.8,2.4,1.4,0,-0.826598893,2.372972149,0.169707728,0.276799663
0,1.5,24.5,5.3,0,-14.26581802,19.72215335,-0.041690729,-0.303221211
0,0.7,17.2,3,0,-10.34552112,13.60213098,0.04177149,-0.108613399
0,1.4,3.2,0,0,-1.016299763,3.33975944,0.135551062,0.302539389
0,0.6,7,4.1,0,-3.717151552,5.800779485,0.157669674,0.112974422
0,1,25.8,9.5,0,-15.11229365,20.47728997,0.051970203,-0.426964814
0,1.1,24.3,11.6,0,-13.87899019,19.4454537,0.133396496,-0.450083346
5,6,4.5,4,0,1.673294815,7.129917317,-0.110933516,0.271042527
0,1.3,25.1,4.8,0,-14.84967943,20.0386713,-0.058919305,-0.312421393
4,5,13.6,4.7,0,-4.854025657,13.47312449,-0.119124341,0.025237092
9,7.6,18.5,5.9,0,-6.253412892,18.64938051,-0.365238236,-0.035699191
7,5.8,0.7,2.7,0,3.750617325,3.978592624,-0.103912673,0.394005918
2,1.9,4.4,2.4,0,-1.320847409,4.523769284,0.092109502,0.222985858
0,0.9,24.9,8.7,0,-14.67583271,19.71088878,0.048782992,-0.387040309
2,2.2,3.2,2.3,0,-0.326186144,3.802662091,0.092118088,0.257304172
0,0.9,24.7,4.6,0,-14.91014213,19.47146327,-0.053370759,-0.304401355
0,1.2,22.2,4.4,0,-13.08238861,17.75919448,-0.02784931,-0.239059569
0,0.7,23.2,3.7,0,-14.16940071,18.18179849,-0.053557328,-0.259132133
1,1.6,21,4.2,0,-12.07993386,17.04895803,-0.035161603,-0.197343006
1,3.3,12,2.7,0,-5.101479678,11.26906998,0.001773892,0.048376047
1,2.6,16.9,3.3,0,-8.749916862,14.55712668,-0.022451465,-0.078928468
0,0.7,3.5,3.2,0,-1.454741448,3.183500188,0.182961048,0.210568425
2,2.7,2.8,0.5,0,0.150370731,3.783323594,0.070994665,0.306099015
7,6.9,11.9,3.6,0,-2.593482297,13.22989099,-0.232744376,0.12061648
8,7.3,5.3,3,0,1.870874782,8.402849224,-0.217471016,0.295772493
2,3.6,19.3,6.2,0,-9.351289641,17.03968312,-0.077110053,-0.151789224
0,0.7,5.2,2.3,0,-2.635642438,4.45769514,0.155225673,0.187295431
0,0.6,4.4,2.1,0,-2.210702872,3.780144147,0.163908946,0.210168244
0,0.8,6.5,2.2,0,-3.411037899,5.509258135,0.140263935,0.158428184
0,0.7,4.8,2.6,0,-2.349953194,4.15976261,0.161381703,0.191635423
4,3.9,24.4,5.2,0,-12.63435037,20.98910836,-0.190792677,-0.240224464
2,3.4,8.2,1.8,0,-2.703547138,8.371893149,0.008886792,0.157090043
0,0.8,22.3,5.4,0,-13.36019401,17.59792525,-0.001086097,-0.259980274
1,4.2,20.8,3.8,0,-10.02432168,18.56940131,-0.114893155,-0.155291471
0,0.8,22.8,4.9,0,-13.72839833,17.96768034,-0.01881406,-0.264283352
0,0.2,4.3,1.5,0,-2.500962378,3.43266072,0.175696378,0.222458561
0,0.7,17.2,4.7,0,-10.1946595,13.63831468,0.05040183,-0.132193894
0,1.1,2.8,1.6,0,-0.841581413,2.875521871,0.158849494,0.263779029
0,1.2,24.3,5,0,-14.38924301,19.36963412,-0.041782413,-0.296740333
0,0.8,5.5,1.8,0,-2.798868236,4.739949601,0.146681618,0.189762122
1,1.9,7.4,1.7,0,-3.267188923,6.842913401,0.078098262,0.158598801
0,0.4,0.5,1.8,0,0.137683455,0.677342751,0.20442449,0.309016292
0,0.8,11.2,4.4,0,-6.259837833,9.131819297,0.109751197,0.012484501
0,2.5,5,2.2,0,-1.156969385,5.467257307,0.101269148,0.208594167
1,2.8,15.2,4.4,0,-7.400377006,13.41650525,0.000891957,-0.054335644
0,0.8,22.5,9.2,0,-13.15250723,17.8309654,0.099675831,-0.344184514
0,0.6,22.7,4.3,0,-13.8677674,17.74951354,-0.028098237,-0.255954612
1,0.9,23.2,5.6,0,-13.90867775,18.29989659,-0.017404255,-0.277149841
2,2.5,14.7,4.9,0,-7.317285864,12.80111611,0.002417757,-0.046777759
0,0.8,25.7,8.2,0,-15.3137822,20.24422399,0.023349244,-0.394183892
2,2.6,14.4,3.5,0,-7.171779669,12.60773766,-0.009998642,-0.018807954
4,4.4,10.8,2.9,0,-3.652966569,10.91663726,-0.076805461,0.103674577
7,7.6,4.4,1.7,0,2.623523057,7.936098133,-0.193829254,0.328445792
0,-0.1,32.1,12.6,0,-19.74738951,24.62503736,0.02363846,-0.646942966
9,8.5,23.4,4.7,0,-8.854462385,22.93365799,-0.427261307,-0.128262282
2,5.7,15.4,4.3,0,-5.409650656,15.38996759,-0.125121956,-0.016177988
3,3.1,21.4,5.8,0,-11.18288979,18.25388756,-0.106530665,-0.192709696
4,5.5,19.2,4.1,0,-8.156977313,18.04409577,-0.185781483,-0.086553444
1,1.6,2.6,2.7,0,-0.295983187,3.018408335,0.136825222,0.255159769
0,0.7,22.2,3.2,0,-13.56610526,17.4103615,-0.050172153,-0.229480365
0,1,26.5,4.8,0,-15.98274821,20.90980898,-0.072057083,-0.349013319
1,2.1,26.4,3.4,0,-15.27110063,21.46351345,-0.134581399,-0.312201213
0,0.9,22.9,6.6,0,-13.56685815,18.14460183,0.020590135,-0.293604182
2,1.8,3,0.1,0,-0.693666404,3.345043945,0.093400068,0.308972017
0,0.9,25.6,3.4,0,-15.59953255,20.13063708,-0.099343429,-0.315006215
1,1.4,14.1,1.4,0,-8.010403308,11.61056114,0.035170555,-0.003544434
4,3.6,8.3,1.7,0,-2.743852599,8.471842546,-0.038287767,0.171261027
0,0,3.1,3.8,0,-1.670546106,2.439344852,0.218686597,0.204698569
6,6,3.8,2,0,1.8903996,6.503132832,-0.116802507,0.314553177
0,1,22,6.2,0,-12.94400992,17.51603107,0.018695452,-0.264034711
3,3.9,20.8,2.7,0,-10.46582872,18.24869516,-0.149883279,-0.131262111
9,7.5,23.9,5.1,0,-9.897250992,22.67598608,0.269693748,-0.330236061
1,2.7,4.5,2.1,0,-0.749897419,5.16238899,0.081396203,0.227823105
0,1.1,25.5,6.2,0,-15.1353975,20.24347091,-0.026153906,-0.345764864
3,2.6,7,2.2,0,-2.553189749,6.8985277,0.027796463,0.17711335
0,0.8,25.3,5.9,0,-15.25882249,19.89095168,-0.027414928,-0.338581731
0,2.6,3.2,2.3,0,0.093149774,4.164613568,0.112946956,0.255471112
0,0.9,22.4,5.1,0,-13.37613808,17.73227767,-0.010513639,-0.256782626
0,1.2,23.6,5.2,0,-13.91812803,18.84133472,-0.028075582,-0.283107486
0,0.9,24.2,4.7,0,-14.57743466,19.09319436,-0.044006294,-0.293491076
0,1.6,1.3,1.3,0,0.480521821,2.051235974,0.155348668,0.308678713
1,2,18.7,8.2,0,-9.933551479,15.64290152,0.098593508,-0.215816668
1,0.9,6.8,3.4,0,-3.482179598,5.776037176,0.127617897,0.136101729
0,0.6,22.9,5.6,0,-13.88193594,17.92934237,-0.000854803,-0.279290357
0,1.2,26.3,8.9,0,-15.33848174,20.97423323,0.025979958,-0.421983096
2,2.9,22,8.8,0,-11.39737624,18.69656048,0.09492746,-0.303665119
2,2.9,5.4,2.9,0,-1.169690658,5.941789362,0.054357538,0.200775148
7,6.5,5.4,1.6,0,1.137084908,7.983523002,-0.169659081,0.293975766
1,2.1,5.1,1.8,0,-1.617791287,5.22453061,0.093788435,0.212881666
1,4,20.1,4.2,0,-9.68634871,17.91604219,-0.093671544,-0.146665434
0,1.6,0.9,0.8,0,0.695217362,1.73627582,0.156534565,0.328757447
0,0.6,4.3,1.4,0,-2.208055711,3.689165504,0.160636584,0.227686988
1,3.3,17.5,6.4,0,-8.335299631,15.53219372,-0.013483219,-0.128516982
3,4.9,7.2,2.9,0,-0.885363499,8.552726926,-0.046400185,0.186866649
0,0.8,21.7,7.1,0,-12.82073249,17.17763211,0.049497121,-0.276260539
0,0.9,18.8,4.8,0,-11.07116127,14.98703131,0.02826259,-0.16887196
0,1,15.1,4.3,0,-8.643721011,12.22610688,0.061175808,-0.074258832
1,1,7.6,2.6,0,-3.995861292,6.43230364,0.109466283,0.13157607
2,3,5.5,2.9,0,-1.159012089,6.082527144,0.050340115,0.199442992
0,1,20.5,7.3,0,-11.8748938,16.39825197,0.065162348,-0.250548349
0,3.8,2.8,1.7,0,1.204313744,4.623424671,0.07283339,0.293684449
2,2.1,4.4,2.5,0,-1.161082756,4.655214355,0.086398574,0.222962309
0,0.7,21.7,7.5,0,-12.86068086,17.12148762,0.062130612,-0.285615041
1,2.7,18.8,4.8,0,-9.771924826,16.09922175,-0.029602276,-0.141603548
1,1.6,24.9,4.5,0,-14.57921062,20.0224428,-0.080195201,-0.292566066
0,0.8,18.8,4.6,0,-11.16435492,14.9181161,0.028106105,-0.166998172
2,2.6,8.9,4.2,0,-3.547494351,8.438265853,0.045266007,0.095598319
1,1.3,18.8,3,0,-10.98789374,15.15569327,-0.018581554,-0.132645595
1,2.4,9.2,3.6,0,-3.887152504,8.576076054,0.061932224,0.090646523
1,0.8,26.1,6.4,0,-15.79136216,20.4585706,-0.035674381,-0.362679378
11,10.9,8.9,2.6,0,2.043473849,13.30591818,-0.422512415,0.278417422
10,7.9,19.2,4.9,0,-6.627963439,19.30296809,0.322021542,-0.209573807
0,1,24,9,0,-13.99086498,19.0972172,0.070627787,-0.372881441
3,3.2,9.8,0.3,0,-4.082594712,9.376262173,-0.043451393,0.15183354
2,4.4,10.5,3.4,0,-3.296740514,10.80235935,-0.035181278,0.091068582
0,1.2,20.7,5.7,0,-11.99552407,16.64567229,0.016959023,-0.223250826
0,0.8,2.3,0.7,0,-0.823951732,2.281993506,0.166187271,0.298186289
0,0.9,18.6,4.5,0,-10.96825061,14.82848701,0.027047354,-0.159890463
0,0.9,23.2,1.3,0,-14.23149138,18.26003224,-0.144250738,-0.234840381
0,0.8,26.2,9.8,0,-15.49562805,20.6586766,0.053606499,-0.444750445
2,1.8,12.9,7.7,0,-6.43112472,11.03867412,0.134475228,-0.074032129
0,0.6,19.2,4,0,-11.62755724,15.08034665,0.021307411,-0.170231598
8,8.6,22.1,1.5,0,-8.162247988,21.99283179,0.326329667,-0.245150217
0,1,24.2,7,0,-14.29788254,19.20680709,0.014138843,-0.331483859
1,2.7,14.1,2.3,0,-6.94974753,12.47027523,-0.004103369,-0.000184691
0,0.6,18.2,4.6,0,-10.92664545,14.33232264,0.040475002,-0.155192935
0,0.7,26,5.3,0,-15.84087955,20.34607896,-0.050412082,-0.347032232
3,2.6,30.6,3.2,0,-17.74937736,24.87456768,-0.221995372,-0.393536297
0,1.1,23,8,0,-13.35649538,18.37979626,0.057003447,-0.324230527
1,1.4,5.3,2.7,0,-2.195573215,4.943237468,0.119916254,0.18706039
1,1.4,27.3,4.2,0,-16.31112334,21.71264816,-0.111621775,-0.350627156
3,5,3.9,0.5,0,1.11440011,6.055679779,-0.030343757,0.306954994
0,1.1,2.6,4,0,-0.499067002,2.774445798,0.201653723,0.216875419
3,2.6,24.7,2.7,0,-13.97251599,20.37523656,-0.171961448,-0.241491557
2,4,20.3,4.7,0,-9.830288467,18.02718428,-0.105430578,-0.150315542
1,2.4,10.2,3.1,0,-4.579190082,9.326228512,0.048218878,0.075531989
0,0,1.2,2.9,0,-0.519847645,0.974678803,0.224221219,0.268838034
2,3,22.5,4.3,0,-12.04510385,19.04583577,-0.10338256,-0.208667179
1,2,14.3,3.5,0,-7.50090682,12.19536745,0.023318219,-0.0287983
2,2.7,3.4,3.1,0,-0.007499644,4.295140205,0.077352225,0.246267056
0,1.2,22.7,1,0,-13.7079451,18.06722444,-0.152025027,-0.213994373
0,0.6,24.6,4.8,0,-15.05396271,19.20566577,-0.043389992,-0.308347013
0,0.7,24.9,5.3,0,-15.12844638,19.50920476,-0.03571788,-0.321053821
17,13.4,14.7,2.9,0,-0.152903903,19.03141594,0.718938644,-0.013666678
2,2.2,3,3.3,0,-0.107910713,3.671787676,0.098995576,0.250139048
0,0.8,25.4,5.7,0,-15.34133757,19.96277425,-0.033743553,-0.337672325
0,1.1,24.8,6.2,0,-14.68203094,19.71091461,-0.016190605,-0.329357373
2,6.5,27.3,5.1,0,-12.44232671,24.97771888,-0.272861012,-0.302642976
1,1.4,4.6,2.2,0,-1.78657772,4.400038897,0.122450757,0.212144348
0,0.8,24.3,4.8,0,-14.70877232,19.10674398,-0.041572492,-0.298388906
1,1.2,4.5,1.6,0,-1.925946785,4.181872089,0.125324664,0.224856649
0,0.9,24.2,4.4,0,-14.6040573,19.086809,-0.052012041,-0.289641051
0,0.6,26,5.1,0,-15.93407319,20.27716374,-0.054231981,-0.345762106
13,13.5,24.5,4,0,-6.091864107,26.78191199,-0.683609918,-0.07018066
2,2.1,4.3,1.2,0,-1.211680871,4.551464994,0.078350848,0.250844271
4,2.4,16.3,3.6,0,-8.661917311,13.82274122,-0.066410107,-0.050522489
0,1,24.3,5,0,-14.54013345,19.2403175,-0.038887127,-0.298910509
0,0.9,22.7,6.2,0,-13.4728217,17.98392907,0.012207418,-0.281499501
0,3.7,24.9,6.2,0,-12.78522186,21.46811012,-0.121636331,-0.306921176
0,0.7,23.8,5.7,0,-14.38051637,18.68084438,-0.011118994,-0.300900475
1,7.6,6.9,2.5,0,1.428015585,10.16506728,-0.13442677,0.235241342
1,2.3,6,1.9,0,-2.040926497,6.040690932,0.080395404,0.191509046
0,0.4,25.2,13.5,0,-14.82139655,19.7180014,0.170962001,-0.529416689
0,0.5,3.5,1.9,0,-1.720996655,3.026513681,0.173361832,0.236641478
0,0.6,22.3,4.1,0,-13.62644922,17.44093874,-0.02614923,-0.243984442
1,6,15.6,4.2,0,-5.262944993,15.78563213,-0.131396231,-0.021506684
0,0.8,22.7,4.5,0,-13.69912853,17.88308706,-0.026428881,-0.256431288
3,4.6,9.8,2.4,0,-2.84000316,10.32617601,-0.057772446,0.129224117
7,8.6,24.5,4.9,0,-9.356146867,23.94276564,-0.398366203,-0.171528771
5,5.1,14.8,2.5,0,-5.809790455,14.35225138,-0.160429943,0.034471926
11,10.8,10.8,1.8,0,0.666468549,14.66974222,-0.436177537,0.242035346
0,0.9,25.7,4.5,0,-15.56668286,20.23012954,-0.068718402,-0.32774458
0,0.7,23.5,5.9,0,-14.16846799,18.45686287,-0.002447805,-0.297140554
0,0.5,2.8,4.1,0,-1.072397413,2.54078334,0.215078074,0.207922521
0,0.7,8.9,3.8,0,-4.898895348,7.304562408,0.130102302,0.074956839
0,1,16.5,3.7,0,-9.603699408,13.27844877,0.042390821,-0.098249586
1,1.4,12.2,2.6,0,-6.673346376,10.1905926,0.055964539,0.026069653
2,2,17.4,4.8,0,-9.452085766,14.52984186,-0.012300856,-0.110737953
2,2.6,20.4,5.9,0,-10.84479765,17.22358886,-0.050022846,-0.186010559
3,4,20.8,3.3,0,-10.33713822,18.32612418,-0.142779365,-0.137663631
0,0.7,24.2,6.4,0,-14.57746348,19.00006144,0.001482051,-0.322518923
0,0.7,25.5,5.6,0,-15.49042365,19.97206696,-0.036470475,-0.339618283
14,13.1,16.5,3.9,0,-1.279964605,20.3831334,-0.624601464,0.129745809
1,1.6,30,5.3,0,-17.81131614,23.91952351,-0.121469082,-0.424112201
4,2.9,32.2,2.6,0,-18.67133091,26.22138433,-0.274249412,-0.417642467
1,1.2,39.1,8.3,0,-23.74063592,30.64797584,-0.163468216,-0.680099152
0,2.6,20.6,5.1,0,-10.92776961,17.46203843,-0.025430136,-0.195209578
0,1.1,22.8,6,0,-13.40444633,18.18506825,0.003354524,-0.278377971
3,4,3.7,0.5,0,0.489481212,5.256937743,0.004044889,0.300900341
1,1.8,11.5,1.4,0,-6.02468949,9.891128096,0.043708934,0.062518896
1,5.3,17.3,3.6,0,-6.945339885,16.61360427,-0.119210265,-0.060538109
2,3.4,7,0,0,-2.086083152,7.420627329,-0.003707297,0.224586085
7,5.9,10.8,2.7,0,-2.715369249,11.72727763,-0.19487328,0.145636426
3,4,14.5,1.4,0,-6.425449227,13.49267682,-0.097498149,0.030968974
1,1.4,6.5,1.6,0,-3.070389374,5.832778152,0.101529734,0.177726043
5,4.5,12.3,4,0,-4.510182298,12.09424152,-0.11453553,0.065199078
17,21.5,20.2,4.6,0,2.546854718,28.48929365,-1.010637927,0.139923134
0,0.8,24.6,5.5,0,-14.84095278,19.34988156,-0.027906736,-0.315748709
15,14.1,3.9,0,0,7.230213856,11.3090342,-0.562516327,0.504632506
3,2.9,11.1,2.2,0,-4.982286797,10.21176099,-0.017027649,0.08469365
7,7.2,14.6,3.6,0,-4.115846225,15.47801167,-0.263301589,0.062691855
9,6,24.6,1,0,-11.84613858,22.15140117,-0.405333505,-0.142039901
7,6.1,18.5,4.3,0,-7.409523563,17.74876886,-0.264736881,-0.0452243
6,4.7,15.1,2,0,-6.409019873,14.25955518,-0.183063815,0.037797548
14,14.2,16.6,3.7,0,-0.532582261,21.16619737,-0.66091826,0.141410546
8,7.4,3.2,3.1,0,3.315293894,6.871967068,-0.202661917,0.349135602
4,3.6,7.7,0.8,0,-2.435120606,7.996209636,-0.042567143,0.202143218
4,5.3,17.1,5.1,0,-6.859025945,16.33839476,-0.159827286,-0.054191891
0,1.1,25.6,7.2,0,-15.11142202,20.34083491,-0.002702485,-0.367700534
3,2.6,9.6,3.9,0,-4.086261068,8.91277768,0.015799857,0.090631199
0,0.5,4,2,0,-2.035955699,3.409039495,0.169886547,0.221480879
0,0,4.3,4.1,0,-2.421123285,3.358683879,0.208894719,0.170703602
3,5,15.2,1.4,0,-6.124363585,14.67181622,-0.138837273,0.026139895
3,3.6,26.2,5.7,0,-13.92333717,22.22686532,-0.175185383,-0.305108396
1,1.5,3.8,1.6,0,-1.246244565,3.84329071,0.121807661,0.244720042
0,0.8,23.2,5.6,0,-13.92534545,18.2868974,-0.007647097,-0.284168677
3,5.6,20,3.7,0,-8.576384637,18.76053516,-0.183275933,-0.105577999
0,1.2,25,4.2,0,-14.91360327,19.8851628,-0.071569202,-0.303529042
3,5.3,10.1,2.7,0,-2.479563935,11.01340795,-0.083879669,0.126678655
1,1.1,26.9,6.3,0,-16.09203392,21.25905286,-0.055091169,-0.375366173
0,0.9,25,6.7,0,-14.91808361,19.7443992,-0.004224104,-0.345150544
3,3,6.9,2.6,0,-2.151145366,7.089595277,0.018617745,0.177161638
0,1.1,1.2,3.3,0,0.345546628,1.694434015,0.198938267,0.268149913
6,3.1,6.2,1.9,0,-1.860785631,6.451820748,-0.059771778,0.237175052
0,0.9,21.7,5.1,0,-12.92277152,17.19972136,-0.001761806,-0.240488608
0,0.8,24.3,5.9,0,-14.61115598,19.13015696,-0.013887816,-0.315039245
0,0.7,24.1,15.5,0,-13.70514346,19.11767119,0.250244884,-0.562005963
0,2.1,16.3,3.9,0,-8.626520258,13.84178814,0.018560065,-0.085449253
1,2.5,12.9,3,0,-6.261318663,11.44290412,0.019488229,0.015556781
10,8.8,18.7,3.2,0,-5.775984818,19.46831181,-0.418264179,0.011960769
1,4.1,10.8,3.7,0,-3.631975971,10.89466732,-0.008621544,0.069841203
4,5.3,8.3,1.5,0,-1.479032282,9.566776896,-0.093993821,0.191764366
4,2.9,22.5,4.8,0,-12.19373304,18.88850149,-0.142979419,-0.199917263
0,0.9,3.3,2.6,0,-1.227562982,3.147887144,0.170247944,0.228842645
0,1.2,23.8,6.3,0,-13.95004499,19.01690665,-0.001401039,-0.306562717
16,13.4,6.2,1.9,0,5.322296858,12.59503539,-0.588528968,0.421266406
13,9,3.2,5.3,0,4.423762506,7.695030378,-0.389709398,0.395154883
4,4,23.9,2.8,0,-12.448053,20.62228644,-0.210952956,-0.198689911
0,0.1,2.3,1,0,-1.325445634,1.835770701,0.191213406,0.288665561
3,2.9,6.3,3.2,0,-1.7847454,6.581230851,0.028308517,0.182092212
20,16.3,23.3,5.8,0,-3.453904925,27.35608929,-0.926339343,0.013187427
1,1.9,24.7,4.9,0,-14.18784481,20.0727726,-0.07599874,-0.289469042
1,1.6,22.5,10.3,0,-12.51010664,18.31998574,0.126099757,-0.36502844
0,1,24.7,7.2,0,-14.60396738,19.59146135,0.012170208,-0.347452456
0,0.7,22.8,4.9,0,-13.80384355,17.90302204,-0.017200067,-0.265360395
0,-0.4,21.9,5.2,0,-14.02421847,16.51345074,0.032278959,-0.262282088
2,4.4,5.6,1.7,0,-0.274036212,7.038281509,-0.003640997,0.231943831
0,1,20.5,11.2,0,-11.5287995,16.48126164,0.18449446,-0.351222877
0,0.8,19.2,6.1,0,-11.29030833,15.25436078,0.0491453,-0.199706657
0,0.8,21.7,7.5,0,-12.78523563,17.18614593,0.060900004,-0.284670645
8,7.8,4,2.7,0,3.063444712,7.730722271,-0.220017071,0.336610733
6,4.7,22.5,4.3,0,-10.99764518,19.93839054,-0.242956439,-0.159793682
4,2.8,15.8,4.5,0,-7.956435258,13.72013318,-0.065834452,-0.047013048
3,2.6,10.2,0.4,0,-4.785458426,9.29475866,-0.029062634,0.134817903
0,2.8,20.3,4.2,0,-10.66244714,17.34396055,-0.044250735,-0.173228771
1,4.8,16.4,3.9,0,-6.713043484,15.61198284,-0.086787738,-0.050709018
0,4,3.2,2.6,0,1.176005494,5.076215255,0.064086635,0.274077077
1,1.7,9.4,4.2,0,-4.491557071,8.288397552,0.085966962,0.07012575
0,0.9,24.7,4.4,0,-14.92789056,19.46720636,-0.058653767,-0.301924548
0,0.3,2.7,4,0,-1.167395415,2.333258797,0.219248045,0.211579287
0,0.8,19.3,6.8,0,-11.29295549,15.34533942,0.065828912,-0.214754866
4,5.2,2.8,0.1,0,1.883449346,5.287949271,-0.044490957,0.348506888
1,1.7,3,3.3,0,-0.426359295,3.400155251,0.137643194,0.235872392
0,0.9,22.1,6.5,0,-13.05759915,17.5338376,0.02699202,-0.272936579
3,3.1,4.7,1.2,0,-0.775072794,5.450706854,0.025756584,0.254172697
1,1.8,7.9,2.2,0,-3.622096336,7.169294718,0.079829937,0.137841195
3,4.6,8.8,0.5,0,-2.36094669,9.524940684,-0.0704143,0.185108709
0,0.8,21.9,5.6,0,-13.08337898,17.29786426,0.008244622,-0.253731365
1,2.3,6.3,2.7,0,-2.164232748,6.285956972,0.083170472,0.171074299
0,0,0.5,1.8,0,-0.164097426,0.418709514,0.217378808,0.307722982
2,4.5,2,1.5,0,2.115260034,4.35982191,0.026045441,0.32420467
0,0.7,24.6,9.6,0,-14.55255528,19.37248983,0.078626156,-0.404134469
0,0.4,9.8,2.6,0,-5.814621425,7.769761295,0.124580558,0.067363601
0,1.4,9.5,3.2,0,-4.812623992,8.200876688,0.100037154,0.07616929
1,2.5,10.6,3.1,0,-4.762811468,9.69520471,0.041439801,0.067316997
1,3.5,8.2,1,0,-2.640318102,8.471182955,0.01103955,0.16871608
2,5.2,5.2,1.2,0,0.54422109,7.240587828,-0.03148097,0.261439974
0,0.8,25.4,3.8,0,-15.50994761,19.92233364,-0.084336934,-0.314765616
0,0.7,25.2,5.1,0,-15.34049476,19.73318628,-0.044784608,-0.325408189
0,0.7,8.9,2,0,-5.058631179,7.266250255,0.122326647,0.100542362
1,1.6,9.2,4.5,0,-4.41084635,8.077965657,0.094973821,0.068325528
1,1.4,24.2,4.1,0,-14.31223135,19.35205607,-0.076467769,-0.272736847
3,3,20.4,2.5,0,-10.90351752,17.35819558,-0.126023795,-0.129804683
0,1.1,24.2,5.7,0,-14.33780209,19.24379551,-0.021082204,-0.306334088
0,0.8,18.9,3.9,0,-11.29124106,14.9792964,0.019312934,-0.159617944
0,0.9,25.6,3.1,0,-15.62615519,20.12425172,-0.108481234,-0.312810459
0,0.9,26.3,5.9,0,-15.83104379,20.71640471,-0.042547979,-0.360715843
8,9.2,19,3.2,0,-5.550948855,20.0585017,0.322598546,-0.182220383
3,5.4,7.4,1.5,0,-0.761909681,8.998379075,-0.071655693,0.209036264
5,3.2,13,3.5,0,-5.988707784,11.77559754,-0.08337962,0.041559589
2,2.4,8.8,1.9,0,-3.837725035,8.183915344,0.035792159,0.131485211
1,1.3,33.1,5,0,-20.07204064,26.07762687,-0.155068978,-0.495654576
18,18.8,7.2,1.6,0,8.604494556,16.7376752,-0.813387647,0.478857974
1,1.2,39.2,2.6,0,-24.3112327,30.60273349,-0.262960669,-0.623968237
0,0.4,3.1,5.1,1,-1.253400459,2.725647977,0.237593921,0.180762968
0,0.6,5.6,3.2,1,-2.890286348,4.716510796,0.162134922,0.16136078
0,0.9,3.6,2.1,1,-1.466234,3.365483296,0.162065994,0.231832088
1,2.6,4.1,2.9,1,-0.495282331,4.810440416,0.093010621,0.224040445
2,3.4,6.4,2.9,1,-1.440131071,7.025875631,0.030414687,0.182446033
1,1.3,0.4,4,1,1.017912251,1.178354906,0.205648522,0.284106868
4,3.7,1.1,2.6,1,2.074659439,3.077934929,0.022728069,0.337744226
3,2.6,4.6,1.9,1,-1.025412754,5.066235007,0.045330718,0.239803377
10,9.8,4.8,2.8,1,3.94553508,9.531334444,-0.332545214,0.35440533
26,21.5,5.5,2.2,1,11.3255737,16.78959628,-1.057817753,0.618592906
4,5.1,20.1,7.7,1,-8.722186395,18.54680209,-0.216833339,-0.156792692
0,0.5,2.9,4,1,-1.146038277,2.61473436,0.211570674,0.207538865
12,12,3.1,2.4,1,6.553311108,9.548634165,-0.427881121,0.4429877
5,4.4,14.7,6.1,1,-5.953668683,13.90018805,-0.14772935,-0.014645159
1,3.6,4.1,2.1,1,0.188176168,5.439995884,0.054066308,0.249314404
0,0.8,24.8,4.5,1,-15.05922821,19.48075598,-0.05615661,-0.306852609
2,4.5,4.2,1.7,1,0.708142128,6.037827206,0.005076787,0.267283984
0,0.8,15.7,10.4,1,-8.641884377,12.68310273,-0.187314613,-0.17402305
6,9.6,7.2,1.7,1,2.377738738,11.41114866,-0.269972689,0.279860522
0,1,17.8,4.3,1,-10.3924206,14.28025263,0.032129336,-0.137132133
1,2.1,25.3,5.5,1,-14.372309,20.67133677,-0.076871172,-0.313491303
4,4.1,26.3,4.4,1,-13.78502001,22.54690733,-0.219203255,-0.276051393
0,0.8,23.6,7.1,1,-14.05129886,18.62314209,0.026714741,-0.321076173
0,0.8,22.6,1.1,1,-13.93608512,17.73464019,-0.144842866,-0.217589113
0,0.2,1.7,0.7,1,-0.888023144,1.437566817,0.192132758,0.309903511
0,0.7,2.3,3.5,1,-0.650918992,2.276931879,0.203579034,0.232804738
0,2.3,6.5,4.2,1,-2.10187534,6.521701832,0.11902495,0.133339019
0,1.1,4.7,1.3,1,-2.098770428,4.314646485,0.141678453,0.222365181
0,0.4,3.2,3.3,1,-1.477902941,2.763415297,0.196817522,0.213984979
0,2.7,17.6,4.4,1,-8.971444342,15.2294134,-0.004792645,-0.115723976
2,2.4,4,1.4,1,-0.773296831,4.521458411,0.073511969,0.255399206
0,2.1,24.7,4.6,1,-14.00479949,20.24736298,-0.076342747,-0.291066927
1,2,25.2,4.5,1,-14.4717297,20.50931446,-0.092897199,-0.295318993
3,7.5,7.1,1.6,1,1.02561411,10.1300936,-0.148601701,0.242714546
15,13.9,18.2,3.1,1,-1.90720714,22.12506416,-0.686418408,0.113712076
0,0.7,4.7,2.6,1,-2.285186542,4.083683137,0.162352981,0.194050641
0,0.9,2.2,1.5,1,-0.612746157,2.287599966,0.169148089,0.279403465
0,1.1,22.1,11.1,1,-12.49849492,17.76106305,0.157412035,-0.384912171
4,4.4,10.8,3.8,1,-3.573098654,10.93579334,-0.075422613,0.092034618
0,0.9,19.9,6.3,1,-11.65048124,15.8558323,0.04439721,-0.218190714
0,0.8,25.9,6.6,1,-15.58530291,20.36232769,-0.01904022,-0.364917745
9,7.8,25.5,5.7,1,-10.65393648,24.10000328,0.26127869,-0.392072121
10,7.3,1.7,1.9,1,3.987302854,5.537256999,-0.226789894,0.418383954
4,4,14,2.3,1,-6.080525573,13.07977642,-0.097828996,0.036022707
0,0.9,4.6,3,1,-2.034032599,4.145434095,0.161957811,0.190003677
1,1.7,4,1.8,1,-1.207139002,4.129023179,0.115233813,0.236763352
4,3.5,18.7,4.4,1,-9.315425821,16.37691758,-0.115766852,-0.101882159
0,0.7,22.6,4.4,1,-13.71868132,17.74022083,-0.025659392,-0.253835398
1,4.3,12.8,2.8,1,-4.856286475,12.52641731,-0.038740137,0.039793032
0,2.8,19.9,4.3,1,-10.39450632,17.04177111,-0.037297607,-0.165525033
2,2,19.8,6.1,1,-10.89112063,16.38341908,-0.012858834,-0.184939354
0,0.6,4.3,8.5,1,-1.577986599,3.840285663,0.32331848,0.086791462
0,0.8,1,1.2,1,0.062385801,1.303602631,0.181541824,0.313041297
0,1,24.7,9.3,1,-14.41760891,19.63615887,0.066786193,-0.396802802
0,2.2,24.9,1.7,1,-14.31623974,20.4024551,-0.163334782,-0.267813557
6,4.8,24.3,4.9,1,-12.03475441,21.38525007,-0.261840471,-0.209846214
0,0.1,3.1,2.7,1,-1.692717227,2.480590179,0.198571961,0.227188874
0,1.2,2,2.7,1,-0.15038664,2.354957385,0.176014824,0.261001471
2,1.9,3,4.3,1,-0.245504245,3.499097278,0.119148463,0.236036253
1,4,3.7,2.8,1,0.811143144,5.409210402,0.045392252,0.255808637
4,4.7,1.8,0.9,1,2.224883462,4.220890626,-0.015554417,0.35071035
6,5.2,1.4,0.8,1,2.734746919,4.134417589,-0.067674558,0.383691287
4,3.8,4.1,2.9,1,0.233727755,5.431362765,-0.00789061,0.258055862
1,4,4.3,0.5,1,0.21843634,5.816732817,0.029698971,0.282992701
0,0.6,7.2,5.3,1,-3.740194301,5.978479864,0.178166795,0.08504251
0,0.7,26.8,5.9,1,-16.30576748,20.96748546,-0.046470335,-0.374351441
8,7.5,6.3,2.1,1,1.294230792,9.273804488,-0.229254069,0.283978936
21,16,4.8,2.5,1,7.949963386,12.96551393,-0.769627163,0.528571399
1,5,24.2,6.2,1,-11.40984496,21.72445271,-0.18110972,-0.264092845
7,5.1,3.7,4.3,1,1.421488647,5.842423875,-0.127570891,0.30050115
5,4,3.7,3.3,1,0.620404134,5.213216186,-0.036752557,0.277571099
0,0.6,1.8,4.8,1,-0.287166189,1.859546097,0.243173638,0.218644421
0,0.8,2.4,8.4,1,-0.205403995,2.521963855,0.344002795,0.136698644
0,0.8,1.7,0.9,1,-0.417603397,1.829773578,0.172946428,0.305445287
3,7.8,7.6,2,1,0.963613364,10.7129797,-0.163458198,0.229259745
1,1.9,9.7,3.7,1,-4.579337649,8.635310322,0.072215841,0.073358686
0,0.7,2.7,1.7,1,-1.069721429,2.542937615,0.172483386,0.261910965
0,1,25.6,6.9,1,-15.21348988,20.26979125,-0.009212887,-0.362212446
0,0.8,19.5,5.4,1,-11.54672777,15.46770002,0.031418582,-0.195226011
1,3,15,4.7,1,-7.093330624,13.40004828,-0.000144922,-0.052112986
1,1.6,18.7,6.3,1,-10.4039424,15.34382768,0.032299993,-0.177241066
3,6.5,9,2.1,1,-0.915033405,10.93966275,-0.123626516,0.176768914
1,0.8,16.7,8.7,1,-9.499190028,13.35605463,0.147570128,-0.191979777
0,0.6,3.3,1.7,1,-1.533766558,2.93475614,0.1705456,0.246796489
0,0,0.8,3.5,1,-0.207535762,0.683131631,0.238604541,0.266797217
2,5.2,14.3,3.2,1,-5.172059932,14.20638886,-0.097731937,0.016542793
2,2,14.6,1.5,1,-7.93146855,12.32937769,-0.018393415,-0.000909644
0,0.7,22.5,3.5,1,-13.73378258,17.64498528,-0.047050152,-0.24018769
0,0.8,4.4,1,1,-2.157428773,3.886047782,0.151554193,0.236527363
8,8.6,13.3,5,1,-2.152185214,15.37233408,-0.327388071,0.099900034
8,7.6,6,0.7,1,1.439736987,9.080426039,-0.233188565,0.312508997
3,3.5,10.4,3.6,1,-3.952009937,10.09695288,-0.021132566,0.08666787
15,14.3,17.1,7.1,1,-0.53802458,21.63196132,0.68519627,-0.20545122
0,1,0.4,2.8,1,0.743863555,1.010497663,0.200598174,0.295795263
0,0.6,0.8,2.6,1,0.165267643,1.05192541,0.20524992,0.287056642
0,1,26.9,5.1,1,-16.21519218,21.22051223,-0.069844135,-0.362009783
1,2.9,22.9,3.7,1,-12.37408344,19.32438375,-0.100888293,-0.219863528
9,10,21.5,5.3,1,-6.438972428,22.47079338,-0.460809741,-0.075439091
3,3.4,3.3,0.9,1,0.331373348,4.573183811,0.028520247,0.296363193
0,0.9,16,5.2,1,-9.222198179,12.8653199,0.064698972,-0.109963516
0,0.6,6.4,4,1,-3.337425857,5.342174198,0.163372194,0.12839899
1,2.1,0.9,1.3,1,1.058037009,2.01855051,0.127670989,0.323255632
0,1,18.5,6.6,1,-10.64168026,14.86176336,0.065318438,-0.190621831
1,1.6,4.6,1.8,1,-1.671184131,4.520841703,0.113607532,0.221000603
1,1.9,10.6,2,1,-5.31309913,9.283841873,0.052330825,0.077195614
14,11.9,17.7,2.8,1,-3.060123405,20.49677438,-0.59758299,0.101013264
0,0.5,2.9,3.5,1,-1.190409341,2.604092095,0.201300467,0.217590999
3,2.9,19,5.8,1,-9.779380597,16.29866361,-0.071493074,-0.141123449
2,5.8,5.4,2.4,1,0.973849663,7.806238063,-0.052136365,0.246850418
0,0.5,1.9,3.8,1,-0.516120189,1.849682731,0.219786524,0.235504932
0,0,2.2,5.4,1,-0.945658838,1.788684849,0.266556295,0.195798488
0,1,24.1,3.1,1,-14.57921019,19.04771795,-0.090288599,-0.27157442
2,1.9,17.5,4.9,1,-9.583423424,14.54339147,-0.009437578,-0.11554712
0,0.6,7,3.3,1,-3.788145255,5.783751861,0.148169448,0.127155535
0,0.6,24.6,3.4,1,-15.17820169,19.17586743,-0.086021858,-0.292605576
5,4.9,11,4.4,1,-3.330938098,11.37235543,-0.120211604,0.094389944
0,1,22.5,5.1,1,-13.36545951,17.87301545,-0.01331854,-0.258064005
4,6,6.2,3.2,1,0.560045557,8.457899842,-0.098824993,0.227399558
11,10.4,3.3,2.8,1,5.310928653,8.726433095,-0.359462161,0.407048691
3,4.3,6.1,2,1,-0.70546957,7.308746799,-0.019153508,0.218225784
0,0.8,24.1,5.5,1,-14.51711953,18.9694842,-0.021178464,-0.303714155
3,3.5,23.9,4.1,1,-12.65113681,20.3783239,-0.158283995,-0.225931086
7,7.5,20,7.2,1,-7.06743808,19.85690241,-0.342655713,-0.103558636
12,11.7,5,2.7,1,5.123031709,10.80655457,-0.437098772,0.388485628
0,0.8,5.6,2.4,1,-2.81038961,4.828799791,0.149275145,0.176713542
6,5.8,18,2.8,1,-7.38636164,17.1941289,-0.233032489,-0.026460824
10,9.5,9.4,2.5,1,0.713310815,12.83062988,-0.360506831,0.243938177
0,1.5,24.3,11.1,1,-13.62158037,19.69344468,0.118591306,-0.434136107
4,6.5,25,4,1,-11.16786511,23.1011598,-0.284136401,-0.212717069
0,0.9,22.3,3.7,1,-13.43561041,17.62639986,-0.040707931,-0.235695735
0,0.9,24.6,5.3,1,-14.78325599,19.41028297,-0.034108386,-0.311625163
5,5.4,25.2,5.4,1,-12.06183437,22.52021656,-0.263825121,-0.239278722
0,1,2.6,1.8,1,-0.769744904,2.662961523,0.165319947,0.263415656
2,3.4,11.3,2,1,-4.693564906,10.7346137,-0.017461934,0.081851841
0,0.6,1.8,5.9,1,-0.189549847,1.88295908,0.274132829,0.197442687
0,1.1,2.9,2.4,1,-0.835354362,2.968628967,0.165652709,0.244267155
1,1.7,5.8,3.2,1,-2.248699748,5.528252021,0.111012959,0.168816183
5,4.6,5.8,2,1,-0.402388992,7.17116507,-0.06834702,0.243910588
0,0.9,24.5,4.2,1,-14.81610568,19.31079051,-0.061399741,-0.294564184
1,1.7,28,4.5,1,-16.5115316,22.44556475,-0.11785153,-0.367063283
0,0.8,4.1,4.5,1,-1.65253137,3.732305219,0.198795002,0.170859368
9,6.8,10.8,4.2,1,-2.020804112,12.23781097,-0.275212817,0.154542664
4,3.8,4.4,2.1,1,-0.031565902,5.642573558,-0.009940246,0.26029626
0,0.7,3.5,4.8,1,-1.312754043,3.217555435,0.217464456,0.178070708
5,4.2,1.3,1.7,1,2.183706803,3.482570222,-0.015544782,0.355683261
2,2.2,3.8,9.3,1,-0.093591154,4.408130631,0.339840826,0.088955866
4,4.2,2.6,4.6,1,1.657870025,4.584987617,-0.022311194,0.295160337
0,1.5,24.4,0,1,-14.67138465,19.53326587,-0.219588059,-0.251120865
0,0.8,9.8,5.7,1,-5.237739947,8.094376574,0.148432243,0.02023969
0,0.7,16.1,6.4,1,-9.331364717,12.83762419,0.091908342,-0.135077874
0,0,2.1,0.2,1,-1.342351254,1.601925824,0.196175331,0.315766052
0,1.5,24.3,3.4,1,-14.30489476,19.5295538,-0.089462574,-0.273699462
5,4.1,1.8,1.4,1,1.757805687,3.791923915,-0.017807098,0.346976749
0,0.8,3.5,5.4,1,-1.184063545,3.294984462,0.231637393,0.166316146
17,14.1,12.6,3.3,1,1.770809169,17.894869,-0.691439977,0.266069992
12,9.9,3.1,2.5,1,4.977835698,8.192938126,-0.363914925,0.419415787
2,4,1.4,3.9,1,2.339614949,3.631136402,0.048852002,0.314579595
0,1.4,3.4,1.3,1,-1.030468299,3.519588273,0.142233417,0.258620708
0,1,16.3,5.5,1,-9.314430275,13.16460198,0.064072219,-0.120770757
1,1.2,3.9,9.4,1,-0.845158276,3.891414585,0.349654244,0.08218282
0,0.8,3.2,2.9,1,-1.211618912,3.013534721,0.178799871,0.224296477
1,1.6,6,2,1,-2.560168825,5.590211221,0.102522109,0.184284739
0,0.6,0.8,3.8,1,0.271758197,1.077466845,0.229716547,0.263483378
0,1,24.3,5.4,1,-14.5046366,19.24883131,-0.02898718,-0.30486828
0,0.6,8,4,1,-4.37369228,6.559445754,0.1448817,0.091756851
0,1.5,1,3,1,0.750238173,1.794522948,0.181776821,0.283522024
1,1.4,6.8,1.5,1,-3.273563541,6.058888116,0.098040217,0.172162189
0,0.6,2.5,6,1,-0.634042195,2.417643839,0.267457599,0.178195361
1,1.4,4.3,1.2,1,-1.681019894,4.150515951,0.117495548,0.241337263
0,0.4,1.5,2.9,1,-0.412366719,1.461550456,0.209022078,0.263136015
1,1.4,3.9,4,1,-1.173475329,3.905794744,0.155001099,0.194564177
0,0.8,22.5,6.5,1,-13.39211097,17.77349718,0.023832293,-0.283263328
1,1.3,24.3,6,1,-14.28383318,19.40391784,-0.024746635,-0.306891107
0,0.7,26.5,10,1,-15.7476248,20.82651361,0.05377079,-0.457163525
0,1,19,7.9,1,-10.85014875,15.26983061,0.099021664,-0.229109425
0,1,8.5,3.2,1,-4.466738359,7.181448729,0.120353393,0.096514722
0,1.1,0.3,3.3,1,0.928446491,1.009718765,0.20983345,0.289995163
0,1.2,17.7,5.6,1,-10.06139874,14.36115967,0.047137502,-0.152601065
0,0.8,19.7,9.3,1,-11.33016678,15.70286863,0.137946666,-0.281054235
0,1.1,0.8,1.1,1,0.409380551,1.343290161,0.173734414,0.321016416
1,2.3,20.4,4.8,1,-11.10997213,17.05786007,-0.034729653,-0.182946365
0,0.7,2.3,1.1,1,-0.863900101,2.225849009,0.171340323,0.286894732
1,0.6,1.5,5.2,1,-0.116146902,1.588162372,0.250745247,0.220374671
1,2.2,1.7,4.3,1,0.881575402,2.755698186,0.138388904,0.273882276
0,0.8,20.6,4.8,1,-12.31240622,16.2918035,0.008562956,-0.211891703
1,1.2,6.5,1.9,1,-3.194657175,5.709846893,0.109400467,0.171179102
2,2.5,3.1,2.4,1,-0.02620962,3.922685999,0.084047946,0.260725923
0,0,3.3,1.5,1,-2.004186304,2.542549379,0.190181458,0.249096489
17,15.7,16.4,4.7,1,0.641038917,21.85022023,0.786977797,-0.104670248
0,1,7.7,4.5,1,-3.83324038,6.600482839,0.144868433,0.092501416
0,1.2,5,2.7,1,-2.093386183,4.637341553,0.14534858,0.188422636
0,1.7,6.6,2.7,1,-2.752426505,6.177904655,0.115791553,0.154463471
0,1.1,5.8,2.1,1,-2.740209891,5.168548304,0.136631711,0.179254978
0,2.1,16.6,5.2,1,-8.705455446,14.09769644,0.030082156,-0.111349567
0,1.4,7.7,5.3,1,-3.460465797,6.876143699,0.152469622,0.078374647
0,0.6,23.2,8,1,-13.86325478,18.20866366,0.058861665,-0.333052723
1,2.7,10.2,2.6,1,-4.397225486,9.509561174,0.035875964,0.085628614
0,1.7,4.5,1.4,1,-1.507691592,4.552565849,0.125350283,0.229778521
2,2.2,0.9,0.8,1,1.030333646,2.020907435,0.105699343,0.338863774
0,1,26.1,6.6,1,-15.56394577,20.64380325,-0.024242927,-0.367745214
1,2.5,24.6,16,1,-12.68536921,20.62090126,0.243967597,-0.584374958
0,0.8,24.2,6.2,1,-14.51976669,19.06046284,-0.004958975,-0.317852678
3,3.5,1.4,1.2,1,1.664007583,3.198717506,0.044626265,0.336364213
0,0.9,22.2,7.1,1,-13.06912052,17.62268779,0.042723874,-0.287060789
0,1.1,24.3,7.9,1,-14.20733606,19.36670094,0.036033701,-0.352703425
0,0.6,0.5,4.8,1,0.55480028,0.870512958,0.258266944,0.252134581
0,1.2,1.3,4.5,1,0.462715751,1.860713232,0.230410828,0.239724657
2,2.5,3.9,2,1,-0.579839682,4.522807965,0.074812879,0.247073365
4,3.5,6.2,2.9,1,-1.352707585,6.835056755,-0.012979189,0.202180013
1,0.9,5.2,7.6,1,-2.073196236,4.648160644,0.267058788,0.085849581
4,5.5,2.8,2,1,2.278395051,5.522364804,-0.050517346,0.318833012
0,1.1,26.7,8.2,1,-15.73511306,21.19899364,0.002861282,-0.414445456
2,5.8,6.4,2.2,1,0.308434723,8.56277588,-0.061147308,0.224489018
0,1.1,25.7,5.2,1,-15.35367293,20.37434533,-0.053879917,-0.334110296
0,0.8,25.5,5.5,1,-15.42385265,20.03459681,-0.040067996,-0.336937212
3,3.6,0.9,0.7,1,2.018914997,2.872336189,0.044706018,0.357793955
3,3.6,12.5,3.6,1,-5.236664396,11.75928011,-0.040588265,0.04006758
3,2.3,21.3,5.2,1,-11.77493018,17.6477709,-0.08236434,-0.192767926
1,2,2.5,7.6,1,0.505400774,3.305256294,0.298802656,0.151687448
1,0.3,1,3.2,1,-0.196133562,0.971221024,0.211299878,0.273507482
0,0.8,3.7,2.4,1,-1.579823233,3.383289818,0.166814651,0.222561864
1,3,3.5,3.6,1,0.257217948,4.627495989,0.086512839,0.237247431
2,2.4,17.7,4.4,1,-9.380101691,15.0081997,-0.030385368,-0.107572678
0,1.1,7,3.8,1,-3.36654809,6.117685671,0.139503453,0.121970052
0,0,4.5,2.3,1,-2.710392419,3.47253067,0.184801176,0.199062942
0,0.8,26.7,5,1,-16.24542353,20.93690822,-0.067260795,-0.35840521
10,8.5,0.6,2.3,1,5.640575513,5.484796326,-0.251607839,0.451204753
0,1.3,24.3,6.5,1,-14.1806846,19.46621922,-0.003223987,-0.321664915
0,0.8,3.4,3.3,1,-1.305655364,3.174207478,0.183099317,0.211423864
0,0.8,1.1,2.5,1,0.112983916,1.407351992,0.194159446,0.283089547
1,1.4,4,10.6,1,-0.652543933,4.122352111,0.391665036,0.058466024
11,9.4,2.4,2.4,1,5.103879463,7.386620941,-0.319750724,0.422900872
1,2,24.5,3.8,1,-14.08048263,19.96185898,-0.099003761,-0.269461354
0,1.1,3.2,2.1,1,-1.056276954,3.190482025,0.159795006,0.24303166
3,2.5,4.1,3.8,1,-0.608414673,4.661619943,0.057109031,0.227471359
10,11.1,25,6.2,1,-7.85481741,25.81231326,0.393547732,-0.4141915
0,0.7,12.5,5.1,1,-7.115130032,10.0710933,0.107040622,-0.030026896
0,0.1,3.7,3.5,1,-2.010323433,2.954094636,0.203107947,0.196778845
0,0.7,13.1,5.8,1,-7.441610451,10.5424693,0.112462067,-0.055825812
4,4.7,7.7,2.5,1,-1.454361566,8.743634737,-0.062541142,0.183903147
2,1.7,1.7,1.9,1,0.232590675,2.329664649,0.118458772,0.297179592
0,1.1,25.6,5,1,-15.3066547,20.29400895,-0.057369885,-0.329034538
1,2.4,4,1.5,1,-0.705645099,4.575245984,0.091587628,0.248822875
0,1,23.5,19,1,-12.77961044,18.92966513,0.370958466,-0.650243904
0,1.1,24.4,6.9,1,-14.36084484,19.42149589,0.007823444,-0.333425688
0,2.1,20.1,4.7,1,-11.01665931,16.74983571,-0.014338324,-0.184204775
0,1,14.8,5.9,1,-8.307433652,12.03192371,0.087780007,-0.093431086
0,2.4,14.9,4.7,1,-7.422457775,12.98767808,0.034198405,-0.062492046
0,1.5,1.6,4,1,0.450380393,2.272284311,0.20523466,0.245659139
0,1,23.3,4.6,1,-13.92796379,18.47100897,-0.035596107,-0.269596008
0,1,22.3,4.8,1,-13.26254885,17.71447115,-0.017238372,-0.249093079
2,2,8.7,0.5,1,-4.198978244,7.819404294,0.030862907,0.156306478
2,2.2,14,3,1,-7.258865008,12.03414427,0.000803604,-0.00666409
0,1.6,1.9,2.7,1,0.216160892,2.537511149,0.163044086,0.268234738
0,0.9,22.7,8.8,1,-13.24209216,18.03926885,0.084921735,-0.33801713
0,1,5,1.1,1,-2.386264028,4.473969687,0.141653124,0.218372311
0,0.9,22.2,4.7,1,-13.28210163,17.57160491,-0.016422593,-0.246448183
0,1.7,27.7,6.3,1,-16.09871829,22.30729761,-0.06545293,-0.393130108
2,3.5,21,4.6,1,-10.66975534,18.23432059,-0.096470968,-0.171307587
3,3.2,13.1,4.6,1,-5.838303057,11.97840823,-0.029288424,0.008578411
0,1,2.4,1.9,1,-0.631337389,2.512931032,0.168020018,0.266029647
2,3.3,17.2,5.1,1,-8.315141962,15.22462629,-0.046778182,-0.095334358
0,0.5,0.6,2.2,1,0.183858875,0.826594344,0.204666321,0.299069043
1,2.3,6.7,3.6,1,-2.343431438,6.609430938,0.0876168,0.146793894
0,0.7,2.7,3.2,1,-0.936608237,2.57486441,0.192470319,0.229345164
1,3.3,9.6,2,1,-3.609199534,9.428263478,0.01725334,0.115003729
0,0.6,9.8,3.9,1,-5.548366218,7.926747802,0.124783067,0.051240086
0,0.6,2.8,3.4,1,-1.059071683,2.590542479,0.197940168,0.222306591
0,0.7,11.1,4.4,1,-6.270516402,8.991081515,0.113569838,0.013879139
0,0.9,23.8,5,1,-14.29174542,18.79526183,-0.031035238,-0.288089763
2,4.1,9.3,3.4,1,-2.745876357,9.695430755,-0.014906215,0.114971513
6,7.2,11.2,4.8,1,-1.748512004,12.96851017,-0.223281652,0.119937677
6,4.4,13.6,4.6,1,-5.433126228,12.97972794,-0.152327502,0.036391719
6,5.5,6.4,1.7,1,-0.197382076,8.151522206,-0.125056545,0.250936862
0,0.8,22.7,4.5,1,-13.69912853,17.88308706,-0.026428881,-0.256431288
2,5.7,7.7,0.4,1,-0.768712797,9.448838557,-0.085503298,0.223572685
2,2.8,25.4,2.9,1,-14.19846616,21.09302551,-0.162720191,-0.266123772
2,3,24.2,4.4,1,-13.13726271,20.34131525,-0.123832769,-0.250116465
0,0.9,25.6,6.2,1,-15.35105459,20.19023377,-0.025369198,-0.349751613
1,4.9,2.8,1.1,1,1.92218837,5.270236233,0.018958918,0.31874888
1,4.1,0.6,1,1,2.734618727,3.077092918,0.068147475,0.359328501
1,2.1,4.3,1.4,1,-1.135154927,4.60738102,0.09778849,0.240937568
0,0,1.9,2.2,1,-1.035333695,1.492335938,0.208239821,0.266830545
0,0.9,3.4,1.3,1,-1.4076944,3.196296728,0.15760923,0.25551605
9,7,13.6,2.8,1,-3.807618891,14.46755447,0.271612503,-0.045514769
0,0.9,25.2,4.9,1,-15.20735275,19.85824599,-0.052015494,-0.320383099
0,1,24.9,13.6,1,-14.16555106,19.87984129,0.17588497,-0.522780796
1,1.2,3.7,2,1,-1.372316723,3.581750122,0.134626281,0.23684707
0,1,24.6,5.3,1,-14.70781077,19.47494128,-0.035348486,-0.310551115
4,3.8,7.8,3,1,-2.153764135,8.248431692,-0.033638847,0.165446212
6,4.9,19.7,6.6,1,-8.829181608,17.98643636,-0.233388626,-0.121221071
0,1.1,24.2,3.4,1,-14.54190899,19.19484109,-0.083092975,-0.275769231
0,0.1,3.5,7.1,1,-1.561318468,2.878559998,0.296359419,0.132025623
0,0.3,1.8,5.7,1,-0.433633933,1.684727246,0.273673271,0.200734029
0,0.5,3.3,3.6,1,-1.440601734,2.910538437,0.198213969,0.20619204
0,0.1,1.9,2.2,1,-0.959888474,1.556994247,0.204615412,0.267225212
0,1.1,24,13.1,1,-13.55157704,19.24914208,0.17964081,-0.487395786
10,8.4,9.2,4.3,1,0.172682527,12.00554169,-0.333633586,0.216255727
2,7,4.6,0.7,1,2.246463897,7.937318294,-0.092797803,0.314419039
0,1.1,2.2,1.7,1,-0.444107291,2.421173491,0.164865761,0.275806619
1,1.5,1.3,4.5,1,0.630273893,2.003029039,0.21258285,0.246787125
1,3,3.4,10.7,1,0.952053711,4.702536677,-0.103478542,0.379398223
1,1.5,3.7,2.2,1,-1.128232637,3.779981956,0.127235398,0.234887045
0,0.8,21.7,3.5,1,-13.14020415,17.10100781,-0.032790071,-0.220335153
1,3.3,4.2,0.4,1,-0.253787762,5.285916728,0.052778677,0.279964805
9,7.9,2.4,0,1,3.87677509,6.468981674,-0.226950569,0.424257267
2,3.4,4,3.2,1,0.140891202,5.206353655,0.048086591,0.237666249
9,9.6,5.3,4,1,3.636079455,9.859615743,-0.316733955,0.319991435
0,0,1.3,5.2,1,-0.380507401,1.099712693,0.272445874,0.221961565
7,8.3,15.2,3.8,1,-3.656800287,16.64998681,-0.30484165,0.059187879
0,0.2,1.5,3.3,1,-0.527760307,1.34074765,0.222064608,0.254288637
0,0.8,3.2,2.1,1,-1.282612615,2.996507098,0.168575981,0.241244664
0,0.6,2.4,2.1,1,-0.915369844,2.258554701,0.182040527,0.259715373
0,2,25.3,4.6,1,-14.46884462,20.6391815,-0.081223546,-0.307321677
0,0.8,4.1,7.1,1,-1.421801836,3.787644996,0.275290605,0.11943568
0,0.7,18.5,4.6,1,-11.04550018,14.62521937,0.034357376,-0.161109652
0,0.1,1.1,0.6,1,-0.583742668,0.914303222,0.201423974,0.32401668
0,1.1,24.4,5.3,1,-14.50283225,19.38744064,-0.034004762,-0.304733331
0,1,24.3,5.1,1,-14.53125924,19.24244595,-0.036383782,-0.300343168
0,1,24.2,5.8,1,-14.4043731,19.18126565,-0.017406377,-0.308974196
1,5.6,9.8,4.4,1,-1.790511665,11.1186464,-0.071174403,0.107023585
1,1.8,6.9,3.6,1,-2.850190842,6.438298337,0.101051405,0.137905162
2,2.8,6.5,1.5,1,-2.081808023,6.684206907,0.039753065,0.196673001
1,1.7,5.9,3.2,1,-2.313466399,5.604331493,0.109935038,0.166538982
0,0.9,24.7,5.3,1,-14.84802264,19.48636244,-0.03542939,-0.314003397
3,2.4,25.3,5.4,1,-14.27240259,20.759865,-0.134536364,-0.291677003
2,5.3,1.9,3.3,1,2.943324277,4.839321064,-0.002817567,0.322281436
3,4.2,3.4,0.7,1,0.852420032,5.162272851,0.00197004,0.30540319
0,1.3,3,1.8,1,-0.80247585,3.16125434,0.152897579,0.255767646
3,2.6,1.4,1.6,1,1.020497453,2.625306536,0.073463115,0.323356658
0,0.9,3.5,2.7,1,-1.348222072,3.302174541,0.169417875,0.221934009
1,1.6,2.6,3.6,1,-0.216115271,3.037564411,0.149670371,0.2406206
1,0.4,1.1,1.2,1,-0.36293925,1.069389747,0.177320258,0.314185508
5,4.5,20.6,1.3,1,-10.12541811,18.35136949,-0.231440015,-0.088806853
6,5.1,18.4,5.1,1,-7.969437891,17.09479304,-0.21262711,-0.070286125
18,16.2,14.6,6.3,1,2.26727463,20.7864774,-0.813725062,0.210554643
3,3.1,4.8,0.5,1,-0.901958935,5.511887156,0.019113515,0.268023747
0,1.1,21,4.4,1,-12.38063401,16.78158251,-0.009480323,-0.212514925
1,2,7.5,3.5,1,-3.096774523,7.021963336,0.088419665,0.127700131
2,6.4,5.3,3,1,1.544532912,8.130879163,-0.077244068,0.252015395
0,0.9,19.5,7.5,1,-11.28492408,15.57705585,0.082596634,-0.232708905
0,3.5,1.4,1,1,1.822591714,3.349437961,0.095073392,0.334945143
1,4.9,4.8,2.7,1,0.768842747,6.825880926,0.000315463,0.242860546
5,5.5,8.2,5.3,1,-0.984932621,9.649236134,-0.136873863,0.158632978
5,6.9,8.7,1.5,1,-0.589752884,10.85396861,-0.170307413,0.206907434
2,1.5,11,3.5,1,-5.799610942,9.309794199,0.054216425,0.047609244
2,3.5,15.7,0.9,1,-7.56546869,14.1233558,-0.094381822,-0.000761304
7,6.9,5.3,1,1,1.450387163,8.153306048,-0.182487107,0.309246826
0,0.8,6.1,3.9,1,-3.001109675,5.241123947,0.159744703,0.138477899
12,12.6,6.2,0.1,1,4.79410934,12.24609324,-0.478030662,0.403115142
13,10.4,2.6,2.3,1,5.602369112,8.079916284,-0.396166821,0.448841245
9,7.3,6.9,3.6,1,0.829076117,9.581232377,-0.257584257,0.258459003
0,0.8,3.6,1.7,1,-1.577176072,3.292311175,0.161901413,0.240047832
0,0.8,23.7,7.1,1,-14.11606551,18.69922156,0.025435594,-0.323428803
2,2,10.8,0.7,1,-5.541329498,9.421330118,0.011239285,0.101139936
2,7,5.8,2.6,1,1.637874124,8.890712567,-0.10434928,0.25293848
10,7.9,3.3,3.5,1,3.545695158,7.176533657,-0.267971629,0.366278276
11,8.9,7.3,1.4,1,1.464345314,10.76993901,-0.350223976,0.309351583
0,0.7,3.1,3.4,1,-1.177926417,2.883439205,0.19141806,0.215816706
2,2.9,9.2,3.3,1,-3.59532656,8.84132312,0.026516169,0.105863698
0,0,6.9,2.7,1,-4.229295202,5.306951816,0.165233189,0.13379009
0,0.3,1.8,3.2,1,-0.655489254,1.631515923,0.214179661,0.249537731
0,0.9,12.5,1.9,1,-7.248214403,10.13229942,0.087092941,0.015280345
3,4.9,11.6,2.7,1,-3.752844587,11.8959668,-0.081410665,0.087585576
3,3.4,4.7,10.3,1,0.258816234,5.838371001,0.367725951,0.050583189
0,1,1,2.3,1,0.310892582,1.456332232,0.185996356,0.290929447
0,0.8,21.5,4.3,1,-12.93967714,16.96587649,-0.012492861,-0.225975549
7,4.5,13.7,2.3,1,-5.685332073,13.01985219,-0.188272148,0.071843032
13,11.1,13.4,3.5,1,-0.757822147,16.77464889,0.536478462,-0.04075029
10,7.3,17.6,4.8,1,-6.05324255,17.69561823,-0.368472998,0.002848383
0,1.4,22,4.9,1,-12.7575938,17.74699442,-0.017784047,-0.239012365
0,0.3,4.9,4.1,1,-2.583387533,4.00913564,0.192478568,0.158577242
1,0.8,3.7,7,1,-1.230386962,3.429539533,0.271200302,0.131651697
0,0.8,24.7,4.6,1,-14.98558735,19.40680496,-0.052174574,-0.305642577
0,1,4.1,1.6,1,-1.758993102,3.799896702,0.151110056,0.230450584
0,0.8,6.1,1.8,1,-3.187468145,5.196426435,0.14228928,0.174472828
0,0.9,3.7,7,1,-1.096164223,3.545856963,0.276544007,0.130843435
0,1,2,3.5,1,-0.230283378,2.24266839,0.198850323,0.2424592
0,1.4,6.6,3,1,-2.952139527,5.990315086,0.126713259,0.147360402
0,1.2,17.7,5.5,1,-10.07027295,14.35903121,0.045203715,-0.150931319
11,10.1,10.1,1.7,1,0.582844355,13.6824493,-0.408683159,0.251903172
5,5.2,2.4,3.4,1,2.376587457,5.002211209,-0.062808333,0.320802105
9,9.6,3.8,0,1,4.252610713,8.633285541,-0.293658382,0.408354301
0,0.9,1.7,3.5,1,-0.111428644,1.949771664,0.204934861,0.249151439
0,1.2,24.4,10.9,1,-13.93043111,19.57129231,0.112537938,-0.431984146
0,0.8,23.6,9.7,1,-13.82056933,18.67848186,0.096936603,-0.382961328
6,7.6,4.1,3.6,1,3.045210573,7.799959442,-0.177486611,0.30917923
3,4.2,3.6,1,1,0.749509368,5.320817154,0.001447327,0.294518623
8,8,3.7,0.9,1,3.248899276,7.593488319,-0.221039591,0.369564485
0,1.1,22.3,3.9,1,-13.26697155,17.75997338,-0.038795963,-0.236034172
0,0,1.8,1.5,1,-1.032686533,1.401357295,0.202309356,0.286272155
0,1.1,21.4,5.8,1,-12.51546164,17.11569874,0.013727611,-0.242098545
12,11,24,5.5,1,-7.462270643,24.86864282,-0.578520243,-0.109604177
0,1.1,23.5,17.9,1,-12.80178157,18.97091046,0.335187235,-0.617869467
0,0.9,25.1,6.1,1,-15.03609554,19.80770795,-0.020765906,-0.336349385
2,1.8,2.5,0.5,1,-0.334336296,2.973160395,0.100598671,0.308716333
0,0.8,24.5,5.9,1,-14.74068928,19.2823159,-0.016545302,-0.319785318
0,1,24.1,12.1,1,-13.78053104,19.23927871,0.150997782,-0.460543496
5,6,13.6,5.1,1,-4.122854123,14.07656228,-0.179859878,0.040716282
3,5.6,7.4,2.2,1,-0.54889975,9.142594864,-0.075322952,0.200878303
0,0,15.6,2.7,1,-9.863993875,11.9258659,0.086694446,-0.075921207
1,1.5,18.7,3.5,1,-10.72786558,15.21957268,-0.013957023,-0.135263202
0,3.6,16.9,4.7,1,-7.812448162,15.28516723,-0.023637974,-0.093649854
0,2.9,17.7,6.3,1,-8.716710509,15.47525009,0.025194536,-0.146087218
2,2.2,11,4.1,1,-5.218249124,9.775173081,0.037446223,0.045525933
11,8.4,18.8,2.2,1,-6.290051997,19.2128144,-0.437818243,0.024776316
3,2.7,14.7,2.5,1,-7.43815405,12.82769073,-0.045269066,-0.003694848
8,7.8,23.7,1.6,1,-9.793201959,22.69496533,-0.408111633,-0.112390622
1,1.5,20.7,4.2,1,-11.96107912,16.7560613,-0.029142275,-0.191534648
0,0.7,4.8,2.5,1,-2.358827406,4.157634157,0.160498905,0.193501448
2,3.8,9,2,1,-2.902151043,9.24341907,-0.009259788,0.139289981
0,0.9,4,6.5,1,-1.334835241,3.763453115,0.255399038,0.133579427
0,0.3,5,2.6,1,-2.781267377,4.053288318,0.171961638,0.183889778
2,3.8,0.8,1.7,1,2.382091735,2.998516985,0.060087195,0.340841073
1,2.1,7.3,3.1,1,-2.927292851,6.925948889,0.083625477,0.139811484
0,1,26.1,3.6,1,-15.83017216,20.57994966,-0.09953442,-0.327911494
0,0.6,25.2,2.8,1,-15.62004688,19.61957355,-0.112421723,-0.304377322
0,1,25.6,5.4,1,-15.34660307,20.23786445,-0.046369583,-0.335634822
2,3.1,1,0.6,1,1.62682555,2.674654783,0.076819605,0.347432661
3,3.7,13.1,2.1,1,-5.682932277,12.24848846,-0.061265587,0.048625884
0,1,0.9,3.1,1,0.446652937,1.397280383,0.201152985,0.278061807
1,2.1,21.8,3.4,1,-12.29183467,17.96385773,-0.0720629,-0.199948312
5,5.5,19,4.2,1,-8.077347316,17.84240616,-0.204177291,-0.076173605
3,2.8,24.3,3.5,1,-13.49156524,20.21726291,-0.154145009,-0.237569335
1,4,17.7,4.7,1,-8.087578011,16.10077713,-0.062591352,-0.099550758
2,7.6,6.2,2.7,1,1.840353052,9.585108764,-0.133739133,0.250489922
0,0.9,22.2,3.9,1,-13.35309533,17.55457729,-0.034037855,-0.235844466
6,6.9,18.9,4.3,1,-7.006250888,18.62201234,-0.270369559,-0.052844208
